root,repo,kind,git,exists,files,top_languages,workspace_shape,cold_builds_reported,cold_build_pairs,cold_wall_p50_ms,cold_wall_max_ms,resumes,supersessions,decision_reasons,tier2_snapshot_ms_n_p50_max,tier2_category_reuse,semantic_collect_ms_n_p50_max,semantic_embed_retries,search_build_ms_n_p50_max,slow_calls_p50_p95_by_tool,slow_calls_over_10s_by_tool,limiter_queued,limiter_wait_ms_n_p95_max,tier2_deferred,breaker_or_suspension_hits
/Users/ufukaltinok/.local/share/cortexkit/alfonso/worktrees/07d868436e96de13/bg_5bd8cc5d81cb63c0,synapse,worktree,yes,no,n/a,n/a,n/a,0,0,n/a,n/a,0,0,none,0/n/a/n/a,none,0/n/a/n/a,0,0/n/a/n/a,none,none,0,0/n/a/n/a,0,0
/Users/ufukaltinok/.local/share/cortexkit/alfonso/worktrees/07d868436e96de13/bg_7c6ff41190c95962,synapse,worktree,yes,no,n/a,n/a,n/a,0,0,n/a,n/a,0,0,none,0/n/a/n/a,none,0/n/a/n/a,0,0/n/a/n/a,none,none,0,0/n/a/n/a,0,0
/Users/ufukaltinok/.local/share/cortexkit/alfonso/worktrees/07d868436e96de13/bg_82682d3a93e0dba4,synapse,worktree,yes,no,n/a,n/a,n/a,0,0,n/a,n/a,0,0,none,0/n/a/n/a,none,0/n/a/n/a,0,0/n/a/n/a,none,none,0,0/n/a/n/a,0,0
/Users/ufukaltinok/.local/share/cortexkit/alfonso/worktrees/07d868436e96de13/bg_a7cdc9f595a61c15,synapse,worktree,yes,no,n/a,n/a,n/a,0,0,n/a,n/a,0,0,none,0/n/a/n/a,none,0/n/a/n/a,0,0/n/a/n/a,none,none,0,0/n/a/n/a,0,0
/Users/ufukaltinok/.local/share/cortexkit/alfonso/worktrees/07d868436e96de13/bg_c40639240a3aa00d,synapse,worktree,yes,no,n/a,n/a,n/a,0,0,n/a,n/a,0,0,none,0/n/a/n/a,none,0/n/a/n/a,0,0/n/a/n/a,none,none,0,0/n/a/n/a,0,0
/Users/ufukaltinok/.local/share/cortexkit/alfonso/worktrees/07d868436e96de13/bg_cf99840838a84af2,synapse,worktree,yes,yes,793,.rs Rust=177; .json JSON=135; .md Markdown=113,cargo:22,0,0,n/a,n/a,0,0,none,0/n/a/n/a,none,0/n/a/n/a,0,0/n/a/n/a,"bash_drain_completions:n=20,p50=132ms,p95=172ms; edit:n=4,p50=60ms,p95=78ms; grep:n=3,p50=110ms,p95=148ms; inspect:n=3,p50=1772ms,p95=86363ms; read:n=1,p50=96ms,p95=96ms; safety:n=2,p50=58ms,p95=65ms; search:n=29,p50=1095ms,p95=2362ms",inspect=1,9,9/654/654,0,0
/Users/ufukaltinok/.local/share/cortexkit/alfonso/worktrees/07d868436e96de13/bg_dacc5f6923159d4c,synapse,worktree,yes,no,n/a,n/a,n/a,0,0,n/a,n/a,0,0,none,0/n/a/n/a,none,0/n/a/n/a,0,0/n/a/n/a,none,none,0,0/n/a/n/a,0,0
/Users/ufukaltinok/.local/share/cortexkit/alfonso/worktrees/07d868436e96de13/bg_dce225d605fff084,synapse,worktree,yes,no,n/a,n/a,n/a,0,0,n/a,n/a,0,0,none,0/n/a/n/a,none,0/n/a/n/a,0,0/n/a/n/a,none,none,0,0/n/a/n/a,0,0
/Users/ufukaltinok/.local/share/cortexkit/alfonso/worktrees/07d868436e96de13/bg_f58f2fe9c08e9f45,synapse,worktree,yes,no,n/a,n/a,n/a,0,0,n/a,n/a,0,0,none,0/n/a/n/a,none,0/n/a/n/a,0,0/n/a/n/a,none,none,0,0/n/a/n/a,0,0
/Users/ufukaltinok/.local/share/cortexkit/alfonso/worktrees/07d868436e96de13/pool-16,pool-16,worktree,yes,yes,n/a,n/a,none,0,0,n/a,n/a,0,0,none,0/n/a/n/a,none,0/n/a/n/a,0,0/n/a/n/a,none,none,0,0/n/a/n/a,0,0
/Users/ufukaltinok/.local/share/cortexkit/alfonso/worktrees/07d868436e96de13/pool-9,pool-9,worktree,yes,yes,n/a,n/a,none,0,0,n/a,n/a,0,0,none,0/n/a/n/a,none,0/n/a/n/a,0,0/n/a/n/a,none,none,0,0/n/a/n/a,0,0
/Users/ufukaltinok/.local/share/cortexkit/alfonso/worktrees/0f3900af641f5248/bg_829b0639204ff0ee,opencode,worktree,yes,no,n/a,n/a,n/a,0,0,n/a,n/a,0,0,none,0/n/a/n/a,none,0/n/a/n/a,0,0/n/a/n/a,none,none,0,0/n/a/n/a,0,0
/Users/ufukaltinok/.local/share/cortexkit/alfonso/worktrees/5788b0bcf59c4258/bg_19e853888d3f8479,cortexkit-e2e,worktree,yes,no,n/a,n/a,n/a,0,0,n/a,n/a,0,0,none,0/n/a/n/a,none,0/n/a/n/a,0,0/n/a/n/a,none,none,0,0/n/a/n/a,0,0
/Users/ufukaltinok/.local/share/cortexkit/alfonso/worktrees/5788b0bcf59c4258/bg_418875becee85794,cortexkit-e2e,worktree,yes,no,n/a,n/a,n/a,0,0,n/a,n/a,0,0,none,0/n/a/n/a,none,0/n/a/n/a,0,0/n/a/n/a,none,none,0,0/n/a/n/a,0,0
/Users/ufukaltinok/.local/share/cortexkit/alfonso/worktrees/5788b0bcf59c4258/bg_74dd6e0673f9bad2,cortexkit-e2e,worktree,yes,no,n/a,n/a,n/a,0,0,n/a,n/a,0,0,none,0/n/a/n/a,none,0/n/a/n/a,0,0/n/a/n/a,none,none,0,0/n/a/n/a,0,0
/Users/ufukaltinok/.local/share/cortexkit/alfonso/worktrees/5788b0bcf59c4258/bg_896b868cbdc968c9,cortexkit-e2e,worktree,yes,no,n/a,n/a,n/a,0,0,n/a,n/a,0,0,none,0/n/a/n/a,none,0/n/a/n/a,0,0/n/a/n/a,none,none,0,0/n/a/n/a,0,0
/Users/ufukaltinok/.local/share/cortexkit/alfonso/worktrees/5788b0bcf59c4258/bg_af5517cde1e5fc39,cortexkit-e2e,worktree,yes,no,n/a,n/a,n/a,0,0,n/a,n/a,0,0,none,0/n/a/n/a,none,0/n/a/n/a,0,0/n/a/n/a,none,none,0,0/n/a/n/a,0,0
/Users/ufukaltinok/.local/share/cortexkit/alfonso/worktrees/5788b0bcf59c4258/bg_e094c4cf26c6d5ac,cortexkit-e2e,worktree,yes,no,n/a,n/a,n/a,0,0,n/a,n/a,0,0,none,0/n/a/n/a,none,0/n/a/n/a,0,0/n/a/n/a,none,none,0,0/n/a/n/a,0,0
/Users/ufukaltinok/.local/share/cortexkit/alfonso/worktrees/597cb79e014f09be/bg_09c2692a4c850d8c,broca,worktree,yes,no,n/a,n/a,n/a,0,0,n/a,n/a,0,0,none,0/n/a/n/a,none,0/n/a/n/a,0,0/n/a/n/a,"bash_drain_completions:n=3,p50=130ms,p95=185ms; glob:n=2,p50=10002ms,p95=10045ms; grep:n=4,p50=3310ms,p95=3791ms; read:n=1,p50=283ms,p95=283ms; search:n=10,p50=4676ms,p95=26954ms; zoom:n=2,p50=52ms,p95=128ms",glob=2; search=2,0,0/n/a/n/a,0,0
/Users/ufukaltinok/.local/share/cortexkit/alfonso/worktrees/597cb79e014f09be/bg_2b993a16b790f6c1,broca,worktree,yes,no,n/a,n/a,n/a,0,0,n/a,n/a,0,0,none,0/n/a/n/a,none,0/n/a/n/a,0,0/n/a/n/a,none,none,0,0/n/a/n/a,0,0
/Users/ufukaltinok/.local/share/cortexkit/alfonso/worktrees/597cb79e014f09be/bg_3b26bc0ef02f9ca7,broca,worktree,yes,no,n/a,n/a,n/a,0,0,n/a,n/a,0,0,none,0/n/a/n/a,none,0/n/a/n/a,0,0/n/a/n/a,none,none,0,0/n/a/n/a,0,0
/Users/ufukaltinok/.local/share/cortexkit/alfonso/worktrees/597cb79e014f09be/bg_5de98e60977e485d,broca,worktree,yes,no,n/a,n/a,n/a,0,0,n/a,n/a,0,0,none,0/n/a/n/a,none,0/n/a/n/a,0,0/n/a/n/a,none,none,0,0/n/a/n/a,0,0
/Users/ufukaltinok/.local/share/cortexkit/alfonso/worktrees/597cb79e014f09be/bg_863d96d1,broca,worktree,yes,no,n/a,n/a,n/a,0,0,n/a,n/a,0,0,none,0/n/a/n/a,none,0/n/a/n/a,0,0/n/a/n/a,none,none,0,0/n/a/n/a,0,0
/Users/ufukaltinok/.local/share/cortexkit/alfonso/worktrees/597cb79e014f09be/bg_99db01301971f5ed,broca,worktree,yes,no,n/a,n/a,n/a,0,0,n/a,n/a,0,0,none,0/n/a/n/a,none,0/n/a/n/a,0,0/n/a/n/a,none,none,0,0/n/a/n/a,0,0
/Users/ufukaltinok/.local/share/cortexkit/alfonso/worktrees/597cb79e014f09be/bg_a832334cf2ebfbac,broca,worktree,yes,no,n/a,n/a,n/a,0,0,n/a,n/a,0,0,none,0/n/a/n/a,none,0/n/a/n/a,0,0/n/a/n/a,none,none,0,0/n/a/n/a,0,0
/Users/ufukaltinok/.local/share/cortexkit/alfonso/worktrees/597cb79e014f09be/bg_f37ffc3769c9dec6,broca,worktree,yes,no,n/a,n/a,n/a,0,0,n/a,n/a,0,0,none,0/n/a/n/a,none,0/n/a/n/a,0,0/n/a/n/a,none,none,0,0/n/a/n/a,0,0
/Users/ufukaltinok/.local/share/cortexkit/alfonso/worktrees/597cb79e014f09be/bg_f88ecd2eaebe505b,broca,worktree,yes,no,n/a,n/a,n/a,0,0,n/a,n/a,0,0,none,0/n/a/n/a,none,0/n/a/n/a,0,0/n/a/n/a,none,none,0,0/n/a/n/a,0,0
/Users/ufukaltinok/.local/share/cortexkit/alfonso/worktrees/597cb79e014f09be/bg_f91e3af6445fe366,broca,worktree,yes,yes,426,.rs Rust=242; .json JSON=54; .md Markdown=41,cargo:17,0,0,n/a,n/a,0,0,none,0/n/a/n/a,none,0/n/a/n/a,0,0/n/a/n/a,"bash_drain_completions:n=9,p50=58ms,p95=2389ms; edit:n=2,p50=159ms,p95=162ms; inspect:n=2,p50=23456ms,p95=44904ms; read:n=1,p50=588ms,p95=588ms; safety:n=1,p50=84ms,p95=84ms; search:n=10,p50=4377ms,p95=5577ms; write:n=1,p50=114ms,p95=114ms",inspect=2,9,9/39823/39823,0,0
/Users/ufukaltinok/.local/share/cortexkit/alfonso/worktrees/597cb79e014f09be/bg_fd6f9f94c155c94f,broca,worktree,yes,no,n/a,n/a,n/a,0,0,n/a,n/a,0,0,none,0/n/a/n/a,none,0/n/a/n/a,0,0/n/a/n/a,"bash_drain_completions:n=7,p50=121ms,p95=266ms; glob:n=1,p50=10433ms,p95=10433ms; inspect:n=1,p50=72206ms,p95=72206ms; outline:n=2,p50=52ms,p95=1909ms; search:n=15,p50=3390ms,p95=10869ms; zoom:n=7,p50=78ms,p95=189ms",glob=1; inspect=1; search=3,5,5/39175/39175,0,0
/Users/ufukaltinok/.local/share/cortexkit/alfonso/worktrees/597cb79e014f09be/pool-91,broca,worktree,yes,yes,363,.rs Rust=216; .json JSON=50; .md Markdown=29,cargo:17,0,0,n/a,n/a,0,0,none,0/n/a/n/a,none,0/n/a/n/a,0,0/n/a/n/a,none,none,0,0/n/a/n/a,0,0
/Users/ufukaltinok/.local/share/cortexkit/alfonso/worktrees/597cb79e014f09be/pool-92,broca,worktree,yes,yes,364,.rs Rust=216; .json JSON=50; .md Markdown=30,cargo:17,0,0,n/a,n/a,0,0,none,0/n/a/n/a,none,0/n/a/n/a,0,0/n/a/n/a,none,none,0,0/n/a/n/a,0,0
/Users/ufukaltinok/.local/share/cortexkit/alfonso/worktrees/597cb79e014f09be/pool-93,broca,worktree,yes,yes,365,.rs Rust=217; .json JSON=50; .md Markdown=30,cargo:17,0,0,n/a,n/a,0,0,none,0/n/a/n/a,none,0/n/a/n/a,0,0/n/a/n/a,none,none,0,0/n/a/n/a,0,0
/Users/ufukaltinok/.local/share/cortexkit/alfonso/worktrees/597cb79e014f09be/pool-94,broca,worktree,yes,yes,366,.rs Rust=217; .json JSON=50; .md Markdown=31,cargo:17,0,0,n/a,n/a,0,0,none,0/n/a/n/a,none,0/n/a/n/a,0,0/n/a/n/a,none,none,0,0/n/a/n/a,0,0
/Users/ufukaltinok/.local/share/cortexkit/alfonso/worktrees/6a76222cf11a4ee9/bg_52462754fa5eca71,insula,worktree,yes,no,n/a,n/a,n/a,0,0,n/a,n/a,0,0,none,0/n/a/n/a,none,0/n/a/n/a,0,0/n/a/n/a,none,none,0,0/n/a/n/a,0,0
/Users/ufukaltinok/.local/share/cortexkit/alfonso/worktrees/6a76222cf11a4ee9/bg_656d0084191692af,insula,worktree,yes,no,n/a,n/a,n/a,0,0,n/a,n/a,0,0,none,0/n/a/n/a,none,0/n/a/n/a,0,0/n/a/n/a,none,none,0,0/n/a/n/a,0,0
/Users/ufukaltinok/.local/share/cortexkit/alfonso/worktrees/6d75dd56448a4a9c/bg_00302254f52b5195,aft,worktree,yes,no,n/a,n/a,n/a,0,0,n/a,n/a,0,0,none,0/n/a/n/a,none,0/n/a/n/a,0,0/n/a/n/a,none,none,0,0/n/a/n/a,0,0
/Users/ufukaltinok/.local/share/cortexkit/alfonso/worktrees/6d75dd56448a4a9c/bg_02363a7f10492583,aft,worktree,yes,no,n/a,n/a,n/a,0,0,n/a,n/a,0,0,none,0/n/a/n/a,none,0/n/a/n/a,0,0/n/a/n/a,"inspect_tier2_run:n=1,p50=4814ms,p95=4814ms",none,0,0/n/a/n/a,0,0
/Users/ufukaltinok/.local/share/cortexkit/alfonso/worktrees/6d75dd56448a4a9c/bg_0375021c70b70005,aft,worktree,yes,yes,2324,.ts TypeScript=563; .rs Rust=481; .json JSON=402,cargo:2; node:6,0,0,n/a,n/a,0,0,none,0/n/a/n/a,none,0/n/a/n/a,0,0/n/a/n/a,none,none,0,0/n/a/n/a,0,0
/Users/ufukaltinok/.local/share/cortexkit/alfonso/worktrees/6d75dd56448a4a9c/bg_1c6d427b,aft,worktree,yes,no,n/a,n/a,n/a,0,0,n/a,n/a,0,0,none,0/n/a/n/a,none,0/n/a/n/a,0,0/n/a/n/a,none,none,0,0/n/a/n/a,0,0
/Users/ufukaltinok/.local/share/cortexkit/alfonso/worktrees/6d75dd56448a4a9c/bg_1d9cb175e3a4a321,aft,worktree,yes,yes,2329,.ts TypeScript=563; .rs Rust=480; .json JSON=404,cargo:2; node:6,0,0,n/a,n/a,0,0,none,0/n/a/n/a,none,0/n/a/n/a,0,0/n/a/n/a,none,none,0,0/n/a/n/a,0,0
/Users/ufukaltinok/.local/share/cortexkit/alfonso/worktrees/6d75dd56448a4a9c/bg_1e83dc64ff9a04e2,aft,worktree,yes,yes,2307,.ts TypeScript=561; .rs Rust=468; .json JSON=402,cargo:2; node:6,0,0,n/a,n/a,0,0,none,0/n/a/n/a,none,0/n/a/n/a,0,0/n/a/n/a,none,none,0,0/n/a/n/a,0,0
/Users/ufukaltinok/.local/share/cortexkit/alfonso/worktrees/6d75dd56448a4a9c/bg_1e85ceefe19fe6d2,aft,worktree,yes,yes,2306,.ts TypeScript=561; .rs Rust=467; .json JSON=402,cargo:2; node:6,0,0,n/a,n/a,0,0,none,0/n/a/n/a,none,0/n/a/n/a,0,0/n/a/n/a,none,none,0,0/n/a/n/a,0,0
/Users/ufukaltinok/.local/share/cortexkit/alfonso/worktrees/6d75dd56448a4a9c/bg_2446788ca621c3a7,aft,worktree,yes,yes,2308,.ts TypeScript=561; .rs Rust=468; .json JSON=402,cargo:2; node:6,0,0,n/a,n/a,0,0,none,0/n/a/n/a,none,0/n/a/n/a,0,0/n/a/n/a,none,none,0,0/n/a/n/a,0,0
/Users/ufukaltinok/.local/share/cortexkit/alfonso/worktrees/6d75dd56448a4a9c/bg_29e8716f2ef66222,aft,worktree,yes,no,n/a,n/a,n/a,0,0,n/a,n/a,0,0,none,0/n/a/n/a,none,0/n/a/n/a,0,0/n/a/n/a,none,none,0,0/n/a/n/a,0,0
/Users/ufukaltinok/.local/share/cortexkit/alfonso/worktrees/6d75dd56448a4a9c/bg_2b324e32ed5ef387,aft,worktree,yes,no,n/a,n/a,n/a,0,0,n/a,n/a,0,0,none,0/n/a/n/a,none,0/n/a/n/a,0,0/n/a/n/a,none,none,0,0/n/a/n/a,0,0
/Users/ufukaltinok/.local/share/cortexkit/alfonso/worktrees/6d75dd56448a4a9c/bg_2ba9aefb,aft,worktree,yes,no,n/a,n/a,n/a,0,0,n/a,n/a,0,0,none,0/n/a/n/a,none,0/n/a/n/a,0,0/n/a/n/a,none,none,0,0/n/a/n/a,0,0
/Users/ufukaltinok/.local/share/cortexkit/alfonso/worktrees/6d75dd56448a4a9c/bg_2c415351e4122e28,aft,worktree,yes,no,n/a,n/a,n/a,0,0,n/a,n/a,0,0,none,0/n/a/n/a,none,0/n/a/n/a,0,0/n/a/n/a,none,none,0,0/n/a/n/a,0,0
/Users/ufukaltinok/.local/share/cortexkit/alfonso/worktrees/6d75dd56448a4a9c/bg_2c82024bc30c9dc8,aft,worktree,yes,yes,2307,.ts TypeScript=561; .rs Rust=468; .json JSON=402,cargo:2; node:6,0,0,n/a,n/a,0,0,none,0/n/a/n/a,none,0/n/a/n/a,0,0/n/a/n/a,none,none,0,0/n/a/n/a,0,0
/Users/ufukaltinok/.local/share/cortexkit/alfonso/worktrees/6d75dd56448a4a9c/bg_2e98c39a,aft,worktree,yes,no,n/a,n/a,n/a,0,0,n/a,n/a,0,0,none,0/n/a/n/a,none,0/n/a/n/a,0,0/n/a/n/a,none,none,0,0/n/a/n/a,0,0
/Users/ufukaltinok/.local/share/cortexkit/alfonso/worktrees/6d75dd56448a4a9c/bg_2f9b4166ba1bc1b6,aft,worktree,yes,no,n/a,n/a,n/a,0,0,n/a,n/a,0,0,none,0/n/a/n/a,none,0/n/a/n/a,0,0/n/a/n/a,none,none,0,0/n/a/n/a,0,0
/Users/ufukaltinok/.local/share/cortexkit/alfonso/worktrees/6d75dd56448a4a9c/bg_367959ff,aft,worktree,yes,no,n/a,n/a,n/a,0,0,n/a,n/a,0,0,none,0/n/a/n/a,none,0/n/a/n/a,0,0/n/a/n/a,none,none,0,0/n/a/n/a,0,0
/Users/ufukaltinok/.local/share/cortexkit/alfonso/worktrees/6d75dd56448a4a9c/bg_3985c04bc7e21970,aft,worktree,yes,yes,2342,.ts TypeScript=564; .rs Rust=483; .json JSON=408,cargo:2; node:6,0,0,n/a,n/a,0,0,none,0/n/a/n/a,none,0/n/a/n/a,0,0/n/a/n/a,none,none,0,0/n/a/n/a,0,0
/Users/ufukaltinok/.local/share/cortexkit/alfonso/worktrees/6d75dd56448a4a9c/bg_3c3194d3b498b274,aft,worktree,yes,no,n/a,n/a,n/a,0,0,n/a,n/a,0,0,none,0/n/a/n/a,none,0/n/a/n/a,0,0/n/a/n/a,none,none,0,0/n/a/n/a,0,0
/Users/ufukaltinok/.local/share/cortexkit/alfonso/worktrees/6d75dd56448a4a9c/bg_3dc999fa15cbe11b,aft,worktree,yes,yes,2305,.ts TypeScript=561; .rs Rust=466; .json JSON=402,cargo:2; node:6,0,0,n/a,n/a,0,0,none,0/n/a/n/a,none,0/n/a/n/a,0,0/n/a/n/a,none,none,0,0/n/a/n/a,0,0
/Users/ufukaltinok/.local/share/cortexkit/alfonso/worktrees/6d75dd56448a4a9c/bg_3ec5fd14,aft,worktree,yes,no,n/a,n/a,n/a,0,0,n/a,n/a,0,0,none,0/n/a/n/a,none,0/n/a/n/a,0,0/n/a/n/a,none,none,0,0/n/a/n/a,0,0
/Users/ufukaltinok/.local/share/cortexkit/alfonso/worktrees/6d75dd56448a4a9c/bg_425f83ad1b7200c2,aft,worktree,yes,yes,2348,.ts TypeScript=564; .rs Rust=484; .json JSON=412,cargo:2; node:6,0,0,n/a,n/a,0,0,none,0/n/a/n/a,none,0/n/a/n/a,0,0/n/a/n/a,none,none,0,0/n/a/n/a,0,0
/Users/ufukaltinok/.local/share/cortexkit/alfonso/worktrees/6d75dd56448a4a9c/bg_430c959aa48631de,aft,worktree,yes,yes,2309,.ts TypeScript=561; .rs Rust=469; .json JSON=402,cargo:2; node:6,0,0,n/a,n/a,0,0,none,0/n/a/n/a,none,0/n/a/n/a,0,0/n/a/n/a,none,none,0,0/n/a/n/a,0,0
/Users/ufukaltinok/.local/share/cortexkit/alfonso/worktrees/6d75dd56448a4a9c/bg_46c32673d493dbad,aft,worktree,yes,no,n/a,n/a,n/a,0,0,n/a,n/a,0,0,none,0/n/a/n/a,none,0/n/a/n/a,0,0/n/a/n/a,none,none,0,0/n/a/n/a,0,0
/Users/ufukaltinok/.local/share/cortexkit/alfonso/worktrees/6d75dd56448a4a9c/bg_4b0b4ed1bf80a043,aft,worktree,yes,no,n/a,n/a,n/a,0,0,n/a,n/a,0,0,none,0/n/a/n/a,none,0/n/a/n/a,0,0/n/a/n/a,none,none,0,0/n/a/n/a,0,0
/Users/ufukaltinok/.local/share/cortexkit/alfonso/worktrees/6d75dd56448a4a9c/bg_4e678d24,aft,worktree,yes,no,n/a,n/a,n/a,0,0,n/a,n/a,0,0,none,0/n/a/n/a,none,0/n/a/n/a,0,0/n/a/n/a,none,none,0,0/n/a/n/a,0,0
/Users/ufukaltinok/.local/share/cortexkit/alfonso/worktrees/6d75dd56448a4a9c/bg_552c7444fcdca641,aft,worktree,yes,no,n/a,n/a,n/a,0,0,n/a,n/a,0,0,none,0/n/a/n/a,none,0/n/a/n/a,0,0/n/a/n/a,none,none,0,0/n/a/n/a,0,0
/Users/ufukaltinok/.local/share/cortexkit/alfonso/worktrees/6d75dd56448a4a9c/bg_599f1bcb776a3429,aft,worktree,yes,yes,2352,.ts TypeScript=564; .rs Rust=484; .json JSON=412,cargo:2; node:6,0,0,n/a,n/a,0,0,none,0/n/a/n/a,none,0/n/a/n/a,0,0/n/a/n/a,"bash_drain_completions:n=10,p50=1366ms,p95=2955ms; edit:n=6,p50=170ms,p95=236ms; glob:n=1,p50=64ms,p95=64ms; inspect:n=3,p50=11878ms,p95=150030ms; outline:n=1,p50=425ms,p95=425ms; search:n=21,p50=11242ms,p95=18462ms; zoom:n=7,p50=1686ms,p95=4857ms",inspect=2; search=14,12,9/2909/2909,0,0
/Users/ufukaltinok/.local/share/cortexkit/alfonso/worktrees/6d75dd56448a4a9c/bg_59a6d378,aft,worktree,yes,no,n/a,n/a,n/a,0,0,n/a,n/a,0,0,none,0/n/a/n/a,none,0/n/a/n/a,0,0/n/a/n/a,none,none,0,0/n/a/n/a,0,0
/Users/ufukaltinok/.local/share/cortexkit/alfonso/worktrees/6d75dd56448a4a9c/bg_5c265a37ca9f8546,aft,worktree,yes,yes,2307,.ts TypeScript=561; .rs Rust=468; .json JSON=402,cargo:2; node:6,0,0,n/a,n/a,0,0,none,0/n/a/n/a,none,0/n/a/n/a,0,0/n/a/n/a,none,none,0,0/n/a/n/a,0,0
/Users/ufukaltinok/.local/share/cortexkit/alfonso/worktrees/6d75dd56448a4a9c/bg_5cc6cbfb45f6c0f7,aft,worktree,yes,yes,2343,.ts TypeScript=564; .rs Rust=483; .json JSON=408,cargo:2; node:6,0,0,n/a,n/a,0,0,none,0/n/a/n/a,none,0/n/a/n/a,0,0/n/a/n/a,none,none,0,0/n/a/n/a,0,0
/Users/ufukaltinok/.local/share/cortexkit/alfonso/worktrees/6d75dd56448a4a9c/bg_5cf2d6ee9584df8c,aft,worktree,yes,yes,2308,.ts TypeScript=561; .rs Rust=468; .json JSON=402,cargo:2; node:6,0,0,n/a,n/a,0,0,none,0/n/a/n/a,none,0/n/a/n/a,0,0/n/a/n/a,none,none,0,0/n/a/n/a,0,0
/Users/ufukaltinok/.local/share/cortexkit/alfonso/worktrees/6d75dd56448a4a9c/bg_625f8f0baf736fbc,aft,worktree,yes,no,n/a,n/a,n/a,0,0,n/a,n/a,0,0,none,0/n/a/n/a,none,0/n/a/n/a,0,0/n/a/n/a,none,none,0,0/n/a/n/a,0,0
/Users/ufukaltinok/.local/share/cortexkit/alfonso/worktrees/6d75dd56448a4a9c/bg_63430e91,aft,worktree,yes,no,n/a,n/a,n/a,0,0,n/a,n/a,0,0,none,0/n/a/n/a,none,0/n/a/n/a,0,0/n/a/n/a,none,none,0,0/n/a/n/a,0,0
/Users/ufukaltinok/.local/share/cortexkit/alfonso/worktrees/6d75dd56448a4a9c/bg_656166b32ec1da30,aft,worktree,yes,yes,2308,.ts TypeScript=561; .rs Rust=468; .json JSON=402,cargo:2; node:6,0,0,n/a,n/a,0,0,none,0/n/a/n/a,none,0/n/a/n/a,0,0/n/a/n/a,none,none,0,0/n/a/n/a,0,0
/Users/ufukaltinok/.local/share/cortexkit/alfonso/worktrees/6d75dd56448a4a9c/bg_6beed22c5677dec1,aft,worktree,yes,yes,2342,.ts TypeScript=564; .rs Rust=483; .json JSON=408,cargo:2; node:6,0,0,n/a,n/a,0,0,none,0/n/a/n/a,none,0/n/a/n/a,0,0/n/a/n/a,none,none,0,0/n/a/n/a,0,0
/Users/ufukaltinok/.local/share/cortexkit/alfonso/worktrees/6d75dd56448a4a9c/bg_70a315d95241ff09,aft,worktree,yes,yes,2308,.ts TypeScript=561; .rs Rust=468; .json JSON=402,cargo:2; node:6,0,0,n/a,n/a,0,0,none,0/n/a/n/a,none,0/n/a/n/a,0,0/n/a/n/a,none,none,0,0/n/a/n/a,0,0
/Users/ufukaltinok/.local/share/cortexkit/alfonso/worktrees/6d75dd56448a4a9c/bg_71b18f68,aft,worktree,yes,no,n/a,n/a,n/a,0,0,n/a,n/a,0,0,none,0/n/a/n/a,none,0/n/a/n/a,0,0/n/a/n/a,none,none,0,0/n/a/n/a,0,0
/Users/ufukaltinok/.local/share/cortexkit/alfonso/worktrees/6d75dd56448a4a9c/bg_738e123575a46709,aft,worktree,yes,yes,2342,.ts TypeScript=564; .rs Rust=483; .json JSON=408,cargo:2; node:6,0,0,n/a,n/a,0,0,none,0/n/a/n/a,none,0/n/a/n/a,0,0/n/a/n/a,none,none,0,0/n/a/n/a,0,0
/Users/ufukaltinok/.local/share/cortexkit/alfonso/worktrees/6d75dd56448a4a9c/bg_7432f697ae1ed8ea,aft,worktree,yes,no,n/a,n/a,n/a,0,0,n/a,n/a,0,0,none,0/n/a/n/a,none,0/n/a/n/a,0,0/n/a/n/a,none,none,0,0/n/a/n/a,0,0
/Users/ufukaltinok/.local/share/cortexkit/alfonso/worktrees/6d75dd56448a4a9c/bg_76af1dce8386e9c3,aft,worktree,yes,no,n/a,n/a,n/a,0,0,n/a,n/a,0,0,none,0/n/a/n/a,none,0/n/a/n/a,0,0/n/a/n/a,none,none,0,0/n/a/n/a,0,0
/Users/ufukaltinok/.local/share/cortexkit/alfonso/worktrees/6d75dd56448a4a9c/bg_7953ec8bdb86b7ea,aft,worktree,yes,no,n/a,n/a,n/a,0,0,n/a,n/a,0,0,none,0/n/a/n/a,none,0/n/a/n/a,0,0/n/a/n/a,none,none,0,0/n/a/n/a,0,0
/Users/ufukaltinok/.local/share/cortexkit/alfonso/worktrees/6d75dd56448a4a9c/bg_798bea5fbadfa800,aft,worktree,yes,yes,2352,.ts TypeScript=564; .rs Rust=484; .json JSON=412,cargo:2; node:6,0,0,n/a,n/a,0,0,none,0/n/a/n/a,none,0/n/a/n/a,0,0/n/a/n/a,"bash_drain_completions:n=2,p50=89ms,p95=99ms; outline:n=2,p50=69ms,p95=71ms; search:n=12,p50=6277ms,p95=11837ms",search=4,0,0/n/a/n/a,0,0
/Users/ufukaltinok/.local/share/cortexkit/alfonso/worktrees/6d75dd56448a4a9c/bg_7998af8b5e31df58,aft,worktree,yes,no,n/a,n/a,n/a,0,0,n/a,n/a,0,0,none,0/n/a/n/a,none,0/n/a/n/a,0,0/n/a/n/a,none,none,0,0/n/a/n/a,0,0
/Users/ufukaltinok/.local/share/cortexkit/alfonso/worktrees/6d75dd56448a4a9c/bg_7b73d0db344d3644,aft,worktree,yes,yes,2307,.ts TypeScript=561; .rs Rust=468; .json JSON=402,cargo:2; node:6,0,0,n/a,n/a,0,0,none,0/n/a/n/a,none,0/n/a/n/a,0,0/n/a/n/a,none,none,0,0/n/a/n/a,0,0
/Users/ufukaltinok/.local/share/cortexkit/alfonso/worktrees/6d75dd56448a4a9c/bg_7e7194cfc2e57fe0,aft,worktree,yes,no,n/a,n/a,n/a,0,0,n/a,n/a,0,0,none,0/n/a/n/a,none,0/n/a/n/a,0,0/n/a/n/a,none,none,0,0/n/a/n/a,0,0
/Users/ufukaltinok/.local/share/cortexkit/alfonso/worktrees/6d75dd56448a4a9c/bg_8121f1c5,aft,worktree,yes,no,n/a,n/a,n/a,0,0,n/a,n/a,0,0,none,0/n/a/n/a,none,0/n/a/n/a,0,0/n/a/n/a,none,none,0,0/n/a/n/a,0,0
/Users/ufukaltinok/.local/share/cortexkit/alfonso/worktrees/6d75dd56448a4a9c/bg_81aacdb1,aft,worktree,yes,no,n/a,n/a,n/a,0,0,n/a,n/a,0,0,none,0/n/a/n/a,none,0/n/a/n/a,0,0/n/a/n/a,none,none,0,0/n/a/n/a,0,0
/Users/ufukaltinok/.local/share/cortexkit/alfonso/worktrees/6d75dd56448a4a9c/bg_83431287,aft,worktree,yes,no,n/a,n/a,n/a,0,0,n/a,n/a,0,0,none,0/n/a/n/a,none,0/n/a/n/a,0,0/n/a/n/a,none,none,0,0/n/a/n/a,0,0
/Users/ufukaltinok/.local/share/cortexkit/alfonso/worktrees/6d75dd56448a4a9c/bg_84d77e37220e74c8,aft,worktree,yes,yes,2307,.ts TypeScript=561; .rs Rust=468; .json JSON=402,cargo:2; node:6,0,0,n/a,n/a,0,0,none,0/n/a/n/a,none,0/n/a/n/a,0,0/n/a/n/a,none,none,0,0/n/a/n/a,0,0
/Users/ufukaltinok/.local/share/cortexkit/alfonso/worktrees/6d75dd56448a4a9c/bg_86257b0d5ca44f94,aft,worktree,yes,yes,2309,.ts TypeScript=561; .rs Rust=469; .json JSON=402,cargo:2; node:6,0,0,n/a,n/a,0,0,none,0/n/a/n/a,none,0/n/a/n/a,0,0/n/a/n/a,none,none,0,0/n/a/n/a,0,0
/Users/ufukaltinok/.local/share/cortexkit/alfonso/worktrees/6d75dd56448a4a9c/bg_87d127a6655eed03,aft,worktree,yes,no,n/a,n/a,n/a,0,0,n/a,n/a,0,0,none,0/n/a/n/a,none,0/n/a/n/a,0,0/n/a/n/a,none,none,0,0/n/a/n/a,0,0
/Users/ufukaltinok/.local/share/cortexkit/alfonso/worktrees/6d75dd56448a4a9c/bg_8a6c5089f2e0760d,aft,worktree,yes,yes,2341,.ts TypeScript=564; .rs Rust=482; .json JSON=408,cargo:2; node:6,0,0,n/a,n/a,0,0,none,0/n/a/n/a,none,0/n/a/n/a,0,0/n/a/n/a,none,none,0,0/n/a/n/a,0,0
/Users/ufukaltinok/.local/share/cortexkit/alfonso/worktrees/6d75dd56448a4a9c/bg_94e3e7c6b050e869,aft,worktree,yes,yes,2341,.ts TypeScript=564; .rs Rust=482; .json JSON=408,cargo:2; node:6,0,0,n/a,n/a,0,0,none,0/n/a/n/a,none,0/n/a/n/a,0,0/n/a/n/a,none,none,0,0/n/a/n/a,0,0
/Users/ufukaltinok/.local/share/cortexkit/alfonso/worktrees/6d75dd56448a4a9c/bg_9b3df064,aft,worktree,yes,no,n/a,n/a,n/a,0,0,n/a,n/a,0,0,none,0/n/a/n/a,none,0/n/a/n/a,0,0/n/a/n/a,none,none,0,0/n/a/n/a,0,0
/Users/ufukaltinok/.local/share/cortexkit/alfonso/worktrees/6d75dd56448a4a9c/bg_9b3feae4813097a0,aft,worktree,yes,yes,2308,.ts TypeScript=561; .rs Rust=468; .json JSON=402,cargo:2; node:6,0,0,n/a,n/a,0,0,none,0/n/a/n/a,none,0/n/a/n/a,0,0/n/a/n/a,none,none,0,0/n/a/n/a,0,0
/Users/ufukaltinok/.local/share/cortexkit/alfonso/worktrees/6d75dd56448a4a9c/bg_9ce7a071,aft,worktree,yes,no,n/a,n/a,n/a,0,0,n/a,n/a,0,0,none,0/n/a/n/a,none,0/n/a/n/a,0,0/n/a/n/a,none,none,0,0/n/a/n/a,0,0
/Users/ufukaltinok/.local/share/cortexkit/alfonso/worktrees/6d75dd56448a4a9c/bg_9ffdd23b,aft,worktree,yes,no,n/a,n/a,n/a,0,0,n/a,n/a,0,0,none,0/n/a/n/a,none,0/n/a/n/a,0,0/n/a/n/a,none,none,0,0/n/a/n/a,0,0
/Users/ufukaltinok/.local/share/cortexkit/alfonso/worktrees/6d75dd56448a4a9c/bg_a07e53324a6410fd,aft,worktree,yes,no,n/a,n/a,n/a,0,0,n/a,n/a,0,0,none,0/n/a/n/a,none,0/n/a/n/a,0,0/n/a/n/a,none,none,0,0/n/a/n/a,0,0
/Users/ufukaltinok/.local/share/cortexkit/alfonso/worktrees/6d75dd56448a4a9c/bg_a478e461ea588393,aft,worktree,yes,yes,2342,.ts TypeScript=564; .rs Rust=483; .json JSON=408,cargo:2; node:6,0,0,n/a,n/a,0,0,none,0/n/a/n/a,none,0/n/a/n/a,0,0/n/a/n/a,none,none,0,0/n/a/n/a,0,0
/Users/ufukaltinok/.local/share/cortexkit/alfonso/worktrees/6d75dd56448a4a9c/bg_a4876c1b7a04fd12,aft,worktree,yes,yes,2341,.ts TypeScript=564; .rs Rust=482; .json JSON=408,cargo:2; node:6,0,0,n/a,n/a,0,0,none,0/n/a/n/a,none,0/n/a/n/a,0,0/n/a/n/a,none,none,0,0/n/a/n/a,0,0
/Users/ufukaltinok/.local/share/cortexkit/alfonso/worktrees/6d75dd56448a4a9c/bg_a97f2594e5e4d6a2,aft,worktree,yes,yes,2341,.ts TypeScript=564; .rs Rust=482; .json JSON=408,cargo:2; node:6,0,0,n/a,n/a,0,0,none,0/n/a/n/a,none,0/n/a/n/a,0,0/n/a/n/a,none,none,0,0/n/a/n/a,0,0
/Users/ufukaltinok/.local/share/cortexkit/alfonso/worktrees/6d75dd56448a4a9c/bg_ab19ff725ca310cd,aft,worktree,yes,no,n/a,n/a,n/a,0,0,n/a,n/a,0,0,none,0/n/a/n/a,none,0/n/a/n/a,0,0/n/a/n/a,none,none,0,0/n/a/n/a,0,0
/Users/ufukaltinok/.local/share/cortexkit/alfonso/worktrees/6d75dd56448a4a9c/bg_ac864965e2ba2525,aft,worktree,yes,yes,2352,.ts TypeScript=564; .rs Rust=484; .json JSON=412,cargo:2; node:6,0,0,n/a,n/a,0,0,none,0/n/a/n/a,none,0/n/a/n/a,0,0/n/a/n/a,"bash_drain_completions:n=12,p50=102ms,p95=7173ms; edit:n=13,p50=83ms,p95=128ms; grep:n=4,p50=166ms,p95=195ms; inspect:n=3,p50=3547ms,p95=53682ms; read:n=2,p50=6943ms,p95=7169ms; search:n=4,p50=1882ms,p95=5362ms",inspect=1,9,9/3862/3862,0,0
/Users/ufukaltinok/.local/share/cortexkit/alfonso/worktrees/6d75dd56448a4a9c/bg_b04ac079,aft,worktree,yes,no,n/a,n/a,n/a,0,0,n/a,n/a,0,0,none,0/n/a/n/a,none,0/n/a/n/a,0,0/n/a/n/a,none,none,0,0/n/a/n/a,0,0
/Users/ufukaltinok/.local/share/cortexkit/alfonso/worktrees/6d75dd56448a4a9c/bg_b1fea984c4ec97de,aft,worktree,yes,yes,2303,.ts TypeScript=561; .rs Rust=466; .json JSON=400,cargo:2; node:6,0,0,n/a,n/a,0,0,none,0/n/a/n/a,none,0/n/a/n/a,0,0/n/a/n/a,none,none,0,0/n/a/n/a,0,0
/Users/ufukaltinok/.local/share/cortexkit/alfonso/worktrees/6d75dd56448a4a9c/bg_b771fe4c,aft,worktree,yes,no,n/a,n/a,n/a,0,0,n/a,n/a,0,0,none,0/n/a/n/a,none,0/n/a/n/a,0,0/n/a/n/a,none,none,0,0/n/a/n/a,0,0
/Users/ufukaltinok/.local/share/cortexkit/alfonso/worktrees/6d75dd56448a4a9c/bg_b97c541a04acdbff,aft,worktree,yes,yes,2356,.ts TypeScript=564; .rs Rust=484; .json JSON=412,cargo:2; node:6,0,0,n/a,n/a,0,0,none,0/n/a/n/a,none,0/n/a/n/a,0,0/n/a/n/a,"bash_drain_completions:n=7,p50=128ms,p95=428ms; edit:n=2,p50=128ms,p95=319ms; inspect:n=2,p50=53330ms,p95=139149ms; search:n=16,p50=18250ms,p95=69353ms",inspect=2; search=13,4,4/49313/49313,0,0
/Users/ufukaltinok/.local/share/cortexkit/alfonso/worktrees/6d75dd56448a4a9c/bg_bab08e4f5b7a7e01,aft,worktree,yes,yes,2348,.ts TypeScript=564; .rs Rust=484; .json JSON=412,cargo:2; node:6,0,0,n/a,n/a,0,0,none,0/n/a/n/a,none,0/n/a/n/a,0,0/n/a/n/a,none,none,0,0/n/a/n/a,0,0
/Users/ufukaltinok/.local/share/cortexkit/alfonso/worktrees/6d75dd56448a4a9c/bg_bacbe27be02171b6,aft,worktree,yes,yes,2324,.ts TypeScript=563; .rs Rust=481; .json JSON=402,cargo:2; node:6,0,0,n/a,n/a,0,0,none,0/n/a/n/a,none,0/n/a/n/a,0,0/n/a/n/a,none,none,0,0/n/a/n/a,0,0
/Users/ufukaltinok/.local/share/cortexkit/alfonso/worktrees/6d75dd56448a4a9c/bg_bc6f34bc1303804f,aft,worktree,yes,yes,2328,.ts TypeScript=564; .rs Rust=481; .json JSON=402,cargo:2; node:6,0,0,n/a,n/a,0,0,none,0/n/a/n/a,none,0/n/a/n/a,0,0/n/a/n/a,none,none,0,0/n/a/n/a,0,0
/Users/ufukaltinok/.local/share/cortexkit/alfonso/worktrees/6d75dd56448a4a9c/bg_bcee572c,aft,worktree,yes,no,n/a,n/a,n/a,0,0,n/a,n/a,0,0,none,0/n/a/n/a,none,0/n/a/n/a,0,0/n/a/n/a,none,none,0,0/n/a/n/a,0,0
/Users/ufukaltinok/.local/share/cortexkit/alfonso/worktrees/6d75dd56448a4a9c/bg_bf433010,aft,worktree,yes,no,n/a,n/a,n/a,0,0,n/a,n/a,0,0,none,0/n/a/n/a,none,0/n/a/n/a,0,0/n/a/n/a,none,none,0,0/n/a/n/a,0,0
/Users/ufukaltinok/.local/share/cortexkit/alfonso/worktrees/6d75dd56448a4a9c/bg_c1ecf0ec7b78e526,aft,worktree,yes,no,n/a,n/a,n/a,0,0,n/a,n/a,0,0,none,0/n/a/n/a,none,0/n/a/n/a,0,0/n/a/n/a,none,none,0,0/n/a/n/a,0,0
/Users/ufukaltinok/.local/share/cortexkit/alfonso/worktrees/6d75dd56448a4a9c/bg_c312de84681c8cc0,aft,worktree,yes,no,n/a,n/a,n/a,0,0,n/a,n/a,0,0,none,0/n/a/n/a,none,0/n/a/n/a,0,0/n/a/n/a,none,none,0,0/n/a/n/a,0,0
/Users/ufukaltinok/.local/share/cortexkit/alfonso/worktrees/6d75dd56448a4a9c/bg_c3fe89c0579f1e4e,aft,worktree,yes,no,n/a,n/a,n/a,0,0,n/a,n/a,0,0,none,0/n/a/n/a,none,0/n/a/n/a,0,0/n/a/n/a,none,none,0,0/n/a/n/a,0,0
/Users/ufukaltinok/.local/share/cortexkit/alfonso/worktrees/6d75dd56448a4a9c/bg_c43b2588,aft,worktree,yes,no,n/a,n/a,n/a,0,0,n/a,n/a,0,0,none,0/n/a/n/a,none,0/n/a/n/a,0,0/n/a/n/a,none,none,0,0/n/a/n/a,0,0
/Users/ufukaltinok/.local/share/cortexkit/alfonso/worktrees/6d75dd56448a4a9c/bg_c9a68007,aft,worktree,yes,no,n/a,n/a,n/a,0,0,n/a,n/a,0,0,none,0/n/a/n/a,none,0/n/a/n/a,0,0/n/a/n/a,none,none,0,0/n/a/n/a,0,0
/Users/ufukaltinok/.local/share/cortexkit/alfonso/worktrees/6d75dd56448a4a9c/bg_cf7d7fe61a8e4eb5,aft,worktree,yes,no,n/a,n/a,n/a,0,0,n/a,n/a,0,0,none,0/n/a/n/a,none,0/n/a/n/a,0,0/n/a/n/a,none,none,0,0/n/a/n/a,0,0
/Users/ufukaltinok/.local/share/cortexkit/alfonso/worktrees/6d75dd56448a4a9c/bg_d41a00cd775b4f03,aft,worktree,yes,no,n/a,n/a,n/a,0,0,n/a,n/a,0,0,none,0/n/a/n/a,none,0/n/a/n/a,0,0/n/a/n/a,none,none,0,0/n/a/n/a,0,0
/Users/ufukaltinok/.local/share/cortexkit/alfonso/worktrees/6d75dd56448a4a9c/bg_d8c1689ee4053e7d,aft,worktree,yes,yes,2309,.ts TypeScript=561; .rs Rust=468; .json JSON=402,cargo:2; node:6,0,0,n/a,n/a,0,0,none,0/n/a/n/a,none,0/n/a/n/a,0,0/n/a/n/a,none,none,0,0/n/a/n/a,0,0
/Users/ufukaltinok/.local/share/cortexkit/alfonso/worktrees/6d75dd56448a4a9c/bg_d97561a0d3792b0f,aft,worktree,yes,yes,2308,.ts TypeScript=561; .rs Rust=468; .json JSON=402,cargo:2; node:6,0,0,n/a,n/a,0,0,none,0/n/a/n/a,none,0/n/a/n/a,0,0/n/a/n/a,none,none,0,0/n/a/n/a,0,0
/Users/ufukaltinok/.local/share/cortexkit/alfonso/worktrees/6d75dd56448a4a9c/bg_da17873367f3cd58,aft,worktree,yes,yes,2341,.ts TypeScript=564; .rs Rust=482; .json JSON=408,cargo:2; node:6,0,0,n/a,n/a,0,0,none,0/n/a/n/a,none,0/n/a/n/a,0,0/n/a/n/a,none,none,0,0/n/a/n/a,0,0
/Users/ufukaltinok/.local/share/cortexkit/alfonso/worktrees/6d75dd56448a4a9c/bg_dcf3dcbe908c4b16,aft,worktree,yes,no,n/a,n/a,n/a,0,0,n/a,n/a,0,0,none,0/n/a/n/a,none,0/n/a/n/a,0,0/n/a/n/a,none,none,0,0/n/a/n/a,0,0
/Users/ufukaltinok/.local/share/cortexkit/alfonso/worktrees/6d75dd56448a4a9c/bg_dispatch_0986c54b21177b774306f154,aft,worktree,yes,yes,2254,.ts TypeScript=559; .rs Rust=461; .json JSON=377,cargo:2; node:6,0,0,n/a,n/a,0,0,none,0/n/a/n/a,none,0/n/a/n/a,0,0/n/a/n/a,none,none,0,0/n/a/n/a,0,0
/Users/ufukaltinok/.local/share/cortexkit/alfonso/worktrees/6d75dd56448a4a9c/bg_dispatch_14c291f6f1630352d4623b94,aft,worktree,yes,yes,2330,.ts TypeScript=563; .rs Rust=482; .json JSON=405,cargo:2; node:6,0,0,n/a,n/a,0,0,none,0/n/a/n/a,none,0/n/a/n/a,0,0/n/a/n/a,none,none,0,0/n/a/n/a,0,0
/Users/ufukaltinok/.local/share/cortexkit/alfonso/worktrees/6d75dd56448a4a9c/bg_dispatch_1532985dcf44f2dafa8b3330,aft,worktree,yes,yes,2336,.ts TypeScript=564; .rs Rust=483; .json JSON=406,cargo:2; node:6,0,0,n/a,n/a,0,0,none,0/n/a/n/a,none,0/n/a/n/a,0,0/n/a/n/a,none,none,0,0/n/a/n/a,0,0
/Users/ufukaltinok/.local/share/cortexkit/alfonso/worktrees/6d75dd56448a4a9c/bg_dispatch_23c369461de2e9d279b6cd0e,aft,worktree,yes,yes,2321,.ts TypeScript=561; .rs Rust=480; .json JSON=402,cargo:2; node:6,0,0,n/a,n/a,0,0,none,0/n/a/n/a,none,0/n/a/n/a,0,0/n/a/n/a,none,none,0,0/n/a/n/a,0,0
/Users/ufukaltinok/.local/share/cortexkit/alfonso/worktrees/6d75dd56448a4a9c/bg_dispatch_24e83bae3d916e6793d84308,aft,worktree,yes,yes,2342,.ts TypeScript=564; .rs Rust=483; .json JSON=408,cargo:2; node:6,0,0,n/a,n/a,0,0,none,0/n/a/n/a,none,0/n/a/n/a,0,0/n/a/n/a,none,none,0,0/n/a/n/a,0,0
/Users/ufukaltinok/.local/share/cortexkit/alfonso/worktrees/6d75dd56448a4a9c/bg_dispatch_2545013620a1bbf85c7162ed,aft,worktree,yes,yes,2322,.ts TypeScript=563; .rs Rust=479; .json JSON=402,cargo:2; node:6,0,0,n/a,n/a,0,0,none,0/n/a/n/a,none,0/n/a/n/a,0,0/n/a/n/a,none,none,0,0/n/a/n/a,0,0
/Users/ufukaltinok/.local/share/cortexkit/alfonso/worktrees/6d75dd56448a4a9c/bg_dispatch_c1c5286b3398fe4a80c96c7a,aft,worktree,yes,yes,2324,.ts TypeScript=563; .rs Rust=481; .json JSON=402,cargo:2; node:6,0,0,n/a,n/a,0,0,none,0/n/a/n/a,none,0/n/a/n/a,0,0/n/a/n/a,none,none,0,0/n/a/n/a,0,0
/Users/ufukaltinok/.local/share/cortexkit/alfonso/worktrees/6d75dd56448a4a9c/bg_dispatch_d959ec594e4bc90b5d9d9eb1,aft,worktree,yes,yes,2311,.ts TypeScript=561; .rs Rust=471; .json JSON=402,cargo:2; node:6,0,0,n/a,n/a,0,0,none,0/n/a/n/a,none,0/n/a/n/a,0,0/n/a/n/a,none,none,0,0/n/a/n/a,0,0
/Users/ufukaltinok/.local/share/cortexkit/alfonso/worktrees/6d75dd56448a4a9c/bg_dispatch_da12f07d46ce8a4f33540abd,aft,worktree,yes,yes,2253,.ts TypeScript=559; .rs Rust=460; .json JSON=377,cargo:2; node:6,0,0,n/a,n/a,0,0,none,0/n/a/n/a,none,0/n/a/n/a,0,0/n/a/n/a,none,none,0,0/n/a/n/a,0,0
/Users/ufukaltinok/.local/share/cortexkit/alfonso/worktrees/6d75dd56448a4a9c/bg_dispatch_fff0d5f35cf62a927b0058e2,aft,worktree,yes,yes,2320,.ts TypeScript=561; .rs Rust=479; .json JSON=402,cargo:2; node:6,0,0,n/a,n/a,0,0,none,0/n/a/n/a,none,0/n/a/n/a,0,0/n/a/n/a,none,none,0,0/n/a/n/a,0,0
/Users/ufukaltinok/.local/share/cortexkit/alfonso/worktrees/6d75dd56448a4a9c/bg_e0105200cd6c0761,aft,worktree,yes,yes,2342,.ts TypeScript=564; .rs Rust=483; .json JSON=408,cargo:2; node:6,0,0,n/a,n/a,0,0,none,0/n/a/n/a,none,0/n/a/n/a,0,0/n/a/n/a,none,none,0,0/n/a/n/a,0,0
/Users/ufukaltinok/.local/share/cortexkit/alfonso/worktrees/6d75dd56448a4a9c/bg_e1180fb6,aft,worktree,yes,no,n/a,n/a,n/a,0,0,n/a,n/a,0,0,none,0/n/a/n/a,none,0/n/a/n/a,0,0/n/a/n/a,none,none,0,0/n/a/n/a,0,0
/Users/ufukaltinok/.local/share/cortexkit/alfonso/worktrees/6d75dd56448a4a9c/bg_ea43a31b,aft,worktree,yes,no,n/a,n/a,n/a,0,0,n/a,n/a,0,0,none,0/n/a/n/a,none,0/n/a/n/a,0,0/n/a/n/a,none,none,0,0/n/a/n/a,0,0
/Users/ufukaltinok/.local/share/cortexkit/alfonso/worktrees/6d75dd56448a4a9c/bg_ea52d777,aft,worktree,yes,no,n/a,n/a,n/a,0,0,n/a,n/a,0,0,none,0/n/a/n/a,none,0/n/a/n/a,0,0/n/a/n/a,none,none,0,0/n/a/n/a,0,0
/Users/ufukaltinok/.local/share/cortexkit/alfonso/worktrees/6d75dd56448a4a9c/bg_ebf89143,aft,worktree,yes,no,n/a,n/a,n/a,0,0,n/a,n/a,0,0,none,0/n/a/n/a,none,0/n/a/n/a,0,0/n/a/n/a,none,none,0,0/n/a/n/a,0,0
/Users/ufukaltinok/.local/share/cortexkit/alfonso/worktrees/6d75dd56448a4a9c/bg_ef4756f0,aft,worktree,yes,no,n/a,n/a,n/a,0,0,n/a,n/a,0,0,none,0/n/a/n/a,none,0/n/a/n/a,0,0/n/a/n/a,none,none,0,0/n/a/n/a,0,0
/Users/ufukaltinok/.local/share/cortexkit/alfonso/worktrees/6d75dd56448a4a9c/bg_f10495f45ada92c5,aft,worktree,yes,no,n/a,n/a,n/a,0,0,n/a,n/a,0,0,none,0/n/a/n/a,none,0/n/a/n/a,0,0/n/a/n/a,none,none,0,0/n/a/n/a,0,0
/Users/ufukaltinok/.local/share/cortexkit/alfonso/worktrees/6d75dd56448a4a9c/bg_f2af41d0fbf7a4d8,aft,worktree,yes,yes,2306,.ts TypeScript=561; .rs Rust=467; .json JSON=402,cargo:2; node:6,0,0,n/a,n/a,0,0,none,0/n/a/n/a,none,0/n/a/n/a,0,0/n/a/n/a,none,none,0,0/n/a/n/a,0,0
/Users/ufukaltinok/.local/share/cortexkit/alfonso/worktrees/6d75dd56448a4a9c/bg_f73f421e,aft,worktree,yes,no,n/a,n/a,n/a,0,0,n/a,n/a,0,0,none,0/n/a/n/a,none,0/n/a/n/a,0,0/n/a/n/a,none,none,0,0/n/a/n/a,0,0
/Users/ufukaltinok/.local/share/cortexkit/alfonso/worktrees/6d75dd56448a4a9c/bg_fba45c26,aft,worktree,yes,no,n/a,n/a,n/a,0,0,n/a,n/a,0,0,none,0/n/a/n/a,none,0/n/a/n/a,0,0/n/a/n/a,none,none,0,0/n/a/n/a,0,0
/Users/ufukaltinok/.local/share/cortexkit/alfonso/worktrees/6d75dd56448a4a9c/evidence-ct-00000000-0000-4000-98d0-d1fc504d77c8-609a84cf19bad1a6,aft,worktree,yes,no,n/a,n/a,n/a,0,0,n/a,n/a,0,0,none,0/n/a/n/a,none,0/n/a/n/a,0,0/n/a/n/a,none,none,0,0/n/a/n/a,0,0
/Users/ufukaltinok/.local/share/cortexkit/alfonso/worktrees/6d75dd56448a4a9c/evidence-ct-00000000-0000-4000-98d1-a97cc4aa3e20-9a633907937b9479,aft,worktree,yes,no,n/a,n/a,n/a,0,0,n/a,n/a,0,0,none,0/n/a/n/a,none,0/n/a/n/a,0,0/n/a/n/a,none,none,0,0/n/a/n/a,0,0
/Users/ufukaltinok/.local/share/cortexkit/alfonso/worktrees/6d75dd56448a4a9c/evidence-ct-00000000-0000-4001-98d1-2aba1358a108-c8ea21849617d8c4,aft,worktree,yes,no,n/a,n/a,n/a,0,0,n/a,n/a,0,0,none,0/n/a/n/a,none,0/n/a/n/a,0,0/n/a/n/a,none,none,0,0/n/a/n/a,0,0
/Users/ufukaltinok/.local/share/cortexkit/alfonso/worktrees/748d0fc2abf9617d/bg_086b37c6a4c900dd,claustrum,worktree,yes,no,n/a,n/a,n/a,0,0,n/a,n/a,0,0,none,0/n/a/n/a,none,0/n/a/n/a,0,0/n/a/n/a,none,none,0,0/n/a/n/a,0,0
/Users/ufukaltinok/.local/share/cortexkit/alfonso/worktrees/748d0fc2abf9617d/bg_152ef029c51b277e,claustrum,worktree,yes,yes,112,.rs Rust=66; .md Markdown=14; .json JSON=6,cargo:2,0,0,n/a,n/a,0,0,none,0/n/a/n/a,none,0/n/a/n/a,0,0/n/a/n/a,none,none,0,0/n/a/n/a,0,0
/Users/ufukaltinok/.local/share/cortexkit/alfonso/worktrees/748d0fc2abf9617d/bg_36fca79cbb38c68f,claustrum,worktree,yes,no,n/a,n/a,n/a,0,0,n/a,n/a,0,0,none,0/n/a/n/a,none,0/n/a/n/a,0,0/n/a/n/a,none,none,0,0/n/a/n/a,0,0
/Users/ufukaltinok/.local/share/cortexkit/alfonso/worktrees/748d0fc2abf9617d/bg_392407d691f11e87,claustrum,worktree,yes,no,n/a,n/a,n/a,0,0,n/a,n/a,0,0,none,0/n/a/n/a,none,0/n/a/n/a,0,0/n/a/n/a,none,none,0,0/n/a/n/a,0,0
/Users/ufukaltinok/.local/share/cortexkit/alfonso/worktrees/748d0fc2abf9617d/bg_577762f6e23e5496,claustrum,worktree,yes,yes,112,.rs Rust=66; .md Markdown=14; .json JSON=6,cargo:2,0,0,n/a,n/a,0,0,none,0/n/a/n/a,none,0/n/a/n/a,0,0/n/a/n/a,none,none,0,0/n/a/n/a,0,0
/Users/ufukaltinok/.local/share/cortexkit/alfonso/worktrees/748d0fc2abf9617d/bg_60c600270db31c0a,claustrum,worktree,yes,yes,112,.rs Rust=66; .md Markdown=14; .json JSON=6,cargo:2,0,0,n/a,n/a,0,0,none,0/n/a/n/a,none,0/n/a/n/a,0,0/n/a/n/a,none,none,0,0/n/a/n/a,0,0
/Users/ufukaltinok/.local/share/cortexkit/alfonso/worktrees/748d0fc2abf9617d/bg_ab044a890192c303,claustrum,worktree,yes,no,n/a,n/a,n/a,0,0,n/a,n/a,0,0,none,0/n/a/n/a,none,0/n/a/n/a,0,0/n/a/n/a,none,none,0,0/n/a/n/a,0,0
/Users/ufukaltinok/.local/share/cortexkit/alfonso/worktrees/748d0fc2abf9617d/bg_b18d8d604e73965a,claustrum,worktree,yes,yes,112,.rs Rust=66; .md Markdown=14; .json JSON=6,cargo:2,0,0,n/a,n/a,0,0,none,0/n/a/n/a,none,0/n/a/n/a,0,0/n/a/n/a,none,none,0,0/n/a/n/a,0,0
/Users/ufukaltinok/.local/share/cortexkit/alfonso/worktrees/748d0fc2abf9617d/bg_b31cd5afc6742dfc,claustrum,worktree,yes,no,n/a,n/a,n/a,0,0,n/a,n/a,0,0,none,0/n/a/n/a,none,0/n/a/n/a,0,0/n/a/n/a,none,none,0,0/n/a/n/a,0,0
/Users/ufukaltinok/.local/share/cortexkit/alfonso/worktrees/748d0fc2abf9617d/bg_c72aebc4ca8447ee,claustrum,worktree,yes,no,n/a,n/a,n/a,0,0,n/a,n/a,0,0,none,0/n/a/n/a,none,0/n/a/n/a,0,0/n/a/n/a,none,none,0,0/n/a/n/a,0,0
/Users/ufukaltinok/.local/share/cortexkit/alfonso/worktrees/76e3d5cb0215146c/bg_063a868b,callosum,worktree,yes,no,n/a,n/a,n/a,0,0,n/a,n/a,0,0,none,0/n/a/n/a,none,0/n/a/n/a,0,0/n/a/n/a,none,none,0,0/n/a/n/a,0,0
/Users/ufukaltinok/.local/share/cortexkit/alfonso/worktrees/76e3d5cb0215146c/bg_50af0a09662013a5,callosum,worktree,yes,no,n/a,n/a,n/a,0,0,n/a,n/a,0,0,none,0/n/a/n/a,none,0/n/a/n/a,0,0/n/a/n/a,none,none,0,0/n/a/n/a,0,0
/Users/ufukaltinok/.local/share/cortexkit/alfonso/worktrees/76e3d5cb0215146c/bg_5c17cff321b7007f,callosum,worktree,yes,no,n/a,n/a,n/a,0,0,n/a,n/a,0,0,none,0/n/a/n/a,none,0/n/a/n/a,0,0/n/a/n/a,none,none,0,0/n/a/n/a,0,0
/Users/ufukaltinok/.local/share/cortexkit/alfonso/worktrees/76e3d5cb0215146c/bg_6b615ac6,callosum,worktree,yes,no,n/a,n/a,n/a,0,0,n/a,n/a,0,0,none,0/n/a/n/a,none,0/n/a/n/a,0,0/n/a/n/a,none,none,0,0/n/a/n/a,0,0
/Users/ufukaltinok/.local/share/cortexkit/alfonso/worktrees/76e3d5cb0215146c/bg_72bea2a1a2f9b2cc,callosum,worktree,yes,no,n/a,n/a,n/a,0,0,n/a,n/a,0,0,none,0/n/a/n/a,none,0/n/a/n/a,0,0/n/a/n/a,none,none,0,0/n/a/n/a,0,0
/Users/ufukaltinok/.local/share/cortexkit/alfonso/worktrees/76e3d5cb0215146c/bg_739ecdc6,callosum,worktree,yes,no,n/a,n/a,n/a,0,0,n/a,n/a,0,0,none,0/n/a/n/a,none,0/n/a/n/a,0,0/n/a/n/a,none,none,0,0/n/a/n/a,0,0
/Users/ufukaltinok/.local/share/cortexkit/alfonso/worktrees/76e3d5cb0215146c/bg_88b06febe0cdefae,callosum,worktree,yes,no,n/a,n/a,n/a,0,0,n/a,n/a,0,0,none,0/n/a/n/a,none,0/n/a/n/a,0,0/n/a/n/a,none,none,0,0/n/a/n/a,0,0
/Users/ufukaltinok/.local/share/cortexkit/alfonso/worktrees/76e3d5cb0215146c/bg_9967876b605fdc04,callosum,worktree,yes,no,n/a,n/a,n/a,0,0,n/a,n/a,0,0,none,0/n/a/n/a,none,0/n/a/n/a,0,0/n/a/n/a,none,none,0,0/n/a/n/a,0,0
/Users/ufukaltinok/.local/share/cortexkit/alfonso/worktrees/76e3d5cb0215146c/bg_aaf3d5047703e65c,callosum,worktree,yes,no,n/a,n/a,n/a,0,0,n/a,n/a,0,0,none,0/n/a/n/a,none,0/n/a/n/a,0,0/n/a/n/a,none,none,0,0/n/a/n/a,0,0
/Users/ufukaltinok/.local/share/cortexkit/alfonso/worktrees/76e3d5cb0215146c/bg_b47628b22ed53eca,callosum,worktree,yes,no,n/a,n/a,n/a,0,0,n/a,n/a,0,0,none,0/n/a/n/a,none,0/n/a/n/a,0,0/n/a/n/a,none,none,0,0/n/a/n/a,0,0
/Users/ufukaltinok/.local/share/cortexkit/alfonso/worktrees/8f93aad09f2535d0/bg_028981fa556bb973,magic-context,worktree,yes,no,n/a,n/a,n/a,0,0,n/a,n/a,0,0,none,0/n/a/n/a,none,0/n/a/n/a,0,0/n/a/n/a,none,none,0,0/n/a/n/a,0,0
/Users/ufukaltinok/.local/share/cortexkit/alfonso/worktrees/8f93aad09f2535d0/bg_046587212ca9fa45,magic-context,worktree,yes,no,n/a,n/a,n/a,0,0,n/a,n/a,0,0,none,0/n/a/n/a,none,0/n/a/n/a,0,0/n/a/n/a,none,none,0,0/n/a/n/a,0,0
/Users/ufukaltinok/.local/share/cortexkit/alfonso/worktrees/8f93aad09f2535d0/bg_09103a4422442a58,magic-context,worktree,yes,no,n/a,n/a,n/a,0,0,n/a,n/a,0,0,none,0/n/a/n/a,none,0/n/a/n/a,0,0/n/a/n/a,none,none,0,0/n/a/n/a,0,0
/Users/ufukaltinok/.local/share/cortexkit/alfonso/worktrees/8f93aad09f2535d0/bg_0b534a85be673e68,magic-context,worktree,yes,no,n/a,n/a,n/a,0,0,n/a,n/a,0,0,none,0/n/a/n/a,none,0/n/a/n/a,0,0/n/a/n/a,none,none,0,0/n/a/n/a,0,0
/Users/ufukaltinok/.local/share/cortexkit/alfonso/worktrees/8f93aad09f2535d0/bg_0c25b0c95c5151d9,magic-context,worktree,yes,no,n/a,n/a,n/a,0,0,n/a,n/a,0,0,none,0/n/a/n/a,none,0/n/a/n/a,0,0/n/a/n/a,none,none,0,0/n/a/n/a,0,0
/Users/ufukaltinok/.local/share/cortexkit/alfonso/worktrees/8f93aad09f2535d0/bg_0e4a2a3c44f353b4,magic-context,worktree,yes,yes,1830,.ts TypeScript=1267; .md Markdown=266; .json JSON=101,cargo:4; node:7,0,0,n/a,n/a,0,0,none,0/n/a/n/a,none,0/n/a/n/a,0,0/n/a/n/a,"bash_drain_completions:n=10,p50=62ms,p95=11686ms; edit:n=9,p50=79ms,p95=126ms; glob:n=3,p50=124ms,p95=131ms; grep:n=26,p50=103ms,p95=419ms; inspect:n=1,p50=77064ms,p95=77064ms; read:n=1,p50=328ms,p95=328ms; search:n=47,p50=11141ms,p95=15929ms",bash_drain_completions=1; inspect=1; search=26,4,4/27171/27171,0,0
/Users/ufukaltinok/.local/share/cortexkit/alfonso/worktrees/8f93aad09f2535d0/bg_0ec19bf6,magic-context,worktree,yes,no,n/a,n/a,n/a,0,0,n/a,n/a,0,0,none,0/n/a/n/a,none,0/n/a/n/a,0,0/n/a/n/a,none,none,0,0/n/a/n/a,0,0
/Users/ufukaltinok/.local/share/cortexkit/alfonso/worktrees/8f93aad09f2535d0/bg_10c34659bae4b287,magic-context,worktree,yes,no,n/a,n/a,n/a,0,0,n/a,n/a,0,0,none,0/n/a/n/a,none,0/n/a/n/a,0,0/n/a/n/a,none,none,0,0/n/a/n/a,0,0
/Users/ufukaltinok/.local/share/cortexkit/alfonso/worktrees/8f93aad09f2535d0/bg_1d190f2f615098f5,magic-context,worktree,yes,no,n/a,n/a,n/a,0,0,n/a,n/a,0,0,none,0/n/a/n/a,none,0/n/a/n/a,0,0/n/a/n/a,"ast_replace:n=1,p50=269ms,p95=269ms; bash_drain_completions:n=7,p50=69ms,p95=866ms; edit:n=6,p50=63ms,p95=96ms; glob:n=1,p50=52ms,p95=52ms; inspect:n=2,p50=2898ms,p95=31262ms; outline:n=1,p50=137ms,p95=137ms; search:n=26,p50=92ms,p95=2501ms; zoom:n=1,p50=90ms,p95=90ms",inspect=1,6,6/2288/2288,0,0
/Users/ufukaltinok/.local/share/cortexkit/alfonso/worktrees/8f93aad09f2535d0/bg_216296a0a9331d74,magic-context,worktree,yes,no,n/a,n/a,n/a,0,0,n/a,n/a,0,0,none,0/n/a/n/a,none,0/n/a/n/a,0,0/n/a/n/a,none,none,0,0/n/a/n/a,0,0
/Users/ufukaltinok/.local/share/cortexkit/alfonso/worktrees/8f93aad09f2535d0/bg_21ef8a3c40c909f4,magic-context,worktree,yes,no,n/a,n/a,n/a,0,0,n/a,n/a,0,0,none,0/n/a/n/a,none,0/n/a/n/a,0,0/n/a/n/a,none,none,0,0/n/a/n/a,0,0
/Users/ufukaltinok/.local/share/cortexkit/alfonso/worktrees/8f93aad09f2535d0/bg_254cb9be4f6b58bd,magic-context,worktree,yes,no,n/a,n/a,n/a,0,0,n/a,n/a,0,0,none,0/n/a/n/a,none,0/n/a/n/a,0,0/n/a/n/a,none,none,0,0/n/a/n/a,0,0
/Users/ufukaltinok/.local/share/cortexkit/alfonso/worktrees/8f93aad09f2535d0/bg_266b0f48de6bb601,magic-context,worktree,yes,no,n/a,n/a,n/a,0,0,n/a,n/a,0,0,none,0/n/a/n/a,none,0/n/a/n/a,0,0/n/a/n/a,"bash_drain_completions:n=5,p50=118ms,p95=267ms; edit:n=4,p50=60ms,p95=93ms; glob:n=7,p50=449ms,p95=890ms; inspect:n=2,p50=6135ms,p95=60807ms; outline:n=3,p50=279ms,p95=1378ms; read:n=5,p50=3820ms,p95=3830ms; search:n=27,p50=22906ms,p95=49087ms; write:n=2,p50=97ms,p95=115ms",inspect=1; search=24,9,9/17509/17509,0,0
/Users/ufukaltinok/.local/share/cortexkit/alfonso/worktrees/8f93aad09f2535d0/bg_26ad84fd6d5df329,magic-context,worktree,yes,no,n/a,n/a,n/a,0,0,n/a,n/a,0,0,none,0/n/a/n/a,none,0/n/a/n/a,0,0/n/a/n/a,none,none,0,0/n/a/n/a,0,0
/Users/ufukaltinok/.local/share/cortexkit/alfonso/worktrees/8f93aad09f2535d0/bg_2bdee5c2,magic-context,worktree,yes,no,n/a,n/a,n/a,0,0,n/a,n/a,0,0,none,0/n/a/n/a,none,0/n/a/n/a,0,0/n/a/n/a,none,none,0,0/n/a/n/a,0,0
/Users/ufukaltinok/.local/share/cortexkit/alfonso/worktrees/8f93aad09f2535d0/bg_32630da8d1959daa,magic-context,worktree,yes,no,n/a,n/a,n/a,0,0,n/a,n/a,0,0,none,0/n/a/n/a,none,0/n/a/n/a,0,0/n/a/n/a,"bash_drain_completions:n=6,p50=114ms,p95=118ms; edit:n=6,p50=56ms,p95=81ms; glob:n=3,p50=95ms,p95=97ms; grep:n=10,p50=95ms,p95=515ms; inspect:n=1,p50=35925ms,p95=35925ms; read:n=1,p50=966ms,p95=966ms; search:n=2,p50=104ms,p95=117ms",inspect=1,3,3/4156/4156,0,0
/Users/ufukaltinok/.local/share/cortexkit/alfonso/worktrees/8f93aad09f2535d0/bg_3523a6d05fdbe153,magic-context,worktree,yes,no,n/a,n/a,n/a,0,0,n/a,n/a,0,0,none,0/n/a/n/a,none,0/n/a/n/a,0,0/n/a/n/a,none,none,0,0/n/a/n/a,0,0
/Users/ufukaltinok/.local/share/cortexkit/alfonso/worktrees/8f93aad09f2535d0/bg_353665f24a0d3d05,magic-context,worktree,yes,no,n/a,n/a,n/a,0,0,n/a,n/a,0,0,none,0/n/a/n/a,none,0/n/a/n/a,0,0/n/a/n/a,none,none,0,0/n/a/n/a,0,0
/Users/ufukaltinok/.local/share/cortexkit/alfonso/worktrees/8f93aad09f2535d0/bg_35b6ef6cda0fcdbf,magic-context,worktree,yes,no,n/a,n/a,n/a,0,0,n/a,n/a,0,0,none,0/n/a/n/a,none,0/n/a/n/a,0,0/n/a/n/a,none,none,0,0/n/a/n/a,0,0
/Users/ufukaltinok/.local/share/cortexkit/alfonso/worktrees/8f93aad09f2535d0/bg_35e8ab2bff4bc10b,magic-context,worktree,yes,no,n/a,n/a,n/a,0,0,n/a,n/a,0,0,none,0/n/a/n/a,none,0/n/a/n/a,0,0/n/a/n/a,"ast_replace:n=5,p50=166ms,p95=367ms; ast_search:n=3,p50=160ms,p95=177ms; bash_drain_completions:n=11,p50=2819ms,p95=6435ms; edit:n=17,p50=182ms,p95=247ms; glob:n=3,p50=96ms,p95=152ms; grep:n=21,p50=87ms,p95=277ms; inspect:n=4,p50=4006ms,p95=56785ms; outline:n=3,p50=167ms,p95=202ms; read:n=3,p50=89ms,p95=145ms; search:n=11,p50=6678ms,p95=14652ms; zoom:n=3,p50=196ms,p95=240ms",inspect=1; search=1,12,12/3877/3877,0,0
/Users/ufukaltinok/.local/share/cortexkit/alfonso/worktrees/8f93aad09f2535d0/bg_36e2accc0282c728,magic-context,worktree,yes,no,n/a,n/a,n/a,0,0,n/a,n/a,0,0,none,0/n/a/n/a,none,0/n/a/n/a,0,0/n/a/n/a,none,none,0,0/n/a/n/a,0,0
/Users/ufukaltinok/.local/share/cortexkit/alfonso/worktrees/8f93aad09f2535d0/bg_3a186f69d60e57a4,magic-context,worktree,yes,no,n/a,n/a,n/a,0,0,n/a,n/a,0,0,none,0/n/a/n/a,none,0/n/a/n/a,0,0/n/a/n/a,none,none,0,0/n/a/n/a,0,0
/Users/ufukaltinok/.local/share/cortexkit/alfonso/worktrees/8f93aad09f2535d0/bg_3e797b569835b3f0,magic-context,worktree,yes,no,n/a,n/a,n/a,0,0,n/a,n/a,0,0,none,0/n/a/n/a,none,0/n/a/n/a,0,0/n/a/n/a,none,none,0,0/n/a/n/a,0,0
/Users/ufukaltinok/.local/share/cortexkit/alfonso/worktrees/8f93aad09f2535d0/bg_40d1b8ec97df4dd9,magic-context,worktree,yes,no,n/a,n/a,n/a,0,0,n/a,n/a,0,0,none,0/n/a/n/a,none,0/n/a/n/a,0,0/n/a/n/a,none,none,0,0/n/a/n/a,0,0
/Users/ufukaltinok/.local/share/cortexkit/alfonso/worktrees/8f93aad09f2535d0/bg_41f733d59e1544fb,magic-context,worktree,yes,no,n/a,n/a,n/a,0,0,n/a,n/a,0,0,none,0/n/a/n/a,none,0/n/a/n/a,0,0/n/a/n/a,none,none,0,0/n/a/n/a,0,0
/Users/ufukaltinok/.local/share/cortexkit/alfonso/worktrees/8f93aad09f2535d0/bg_42d3292d,magic-context,worktree,yes,no,n/a,n/a,n/a,0,0,n/a,n/a,0,0,none,0/n/a/n/a,none,0/n/a/n/a,0,0/n/a/n/a,none,none,0,0/n/a/n/a,0,0
/Users/ufukaltinok/.local/share/cortexkit/alfonso/worktrees/8f93aad09f2535d0/bg_47bd02540515241a,magic-context,worktree,yes,no,n/a,n/a,n/a,0,0,n/a,n/a,0,0,none,0/n/a/n/a,none,0/n/a/n/a,0,0/n/a/n/a,none,none,0,0/n/a/n/a,0,0
/Users/ufukaltinok/.local/share/cortexkit/alfonso/worktrees/8f93aad09f2535d0/bg_4b51c3bc90a95b6c,magic-context,worktree,yes,no,n/a,n/a,n/a,0,0,n/a,n/a,0,0,none,0/n/a/n/a,none,0/n/a/n/a,0,0/n/a/n/a,"bash_drain_completions:n=3,p50=117ms,p95=118ms; edit:n=7,p50=60ms,p95=166ms; grep:n=7,p50=91ms,p95=185ms; inspect:n=4,p50=5264ms,p95=31221ms; outline:n=1,p50=167ms,p95=167ms; search:n=28,p50=1405ms,p95=3442ms; zoom:n=1,p50=95ms,p95=95ms",inspect=1,15,15/4063/4063,0,0
/Users/ufukaltinok/.local/share/cortexkit/alfonso/worktrees/8f93aad09f2535d0/bg_4bd83ea7,magic-context,worktree,yes,no,n/a,n/a,n/a,0,0,n/a,n/a,0,0,none,0/n/a/n/a,none,0/n/a/n/a,0,0/n/a/n/a,none,none,0,0/n/a/n/a,0,0
/Users/ufukaltinok/.local/share/cortexkit/alfonso/worktrees/8f93aad09f2535d0/bg_602f951c457af7bc,magic-context,worktree,yes,no,n/a,n/a,n/a,0,0,n/a,n/a,0,0,none,0/n/a/n/a,none,0/n/a/n/a,0,0/n/a/n/a,none,none,0,0/n/a/n/a,0,0
/Users/ufukaltinok/.local/share/cortexkit/alfonso/worktrees/8f93aad09f2535d0/bg_6262b92b269fb0ca,magic-context,worktree,yes,no,n/a,n/a,n/a,0,0,n/a,n/a,0,0,none,0/n/a/n/a,none,0/n/a/n/a,0,0/n/a/n/a,none,none,0,0/n/a/n/a,0,0
/Users/ufukaltinok/.local/share/cortexkit/alfonso/worktrees/8f93aad09f2535d0/bg_633f7b0667d58df2,magic-context,worktree,yes,no,n/a,n/a,n/a,0,0,n/a,n/a,0,0,none,0/n/a/n/a,none,0/n/a/n/a,0,0/n/a/n/a,none,none,0,0/n/a/n/a,0,0
/Users/ufukaltinok/.local/share/cortexkit/alfonso/worktrees/8f93aad09f2535d0/bg_64d45e744c6be7ae,magic-context,worktree,yes,no,n/a,n/a,n/a,0,0,n/a,n/a,0,0,none,0/n/a/n/a,none,0/n/a/n/a,0,0/n/a/n/a,none,none,0,0/n/a/n/a,0,0
/Users/ufukaltinok/.local/share/cortexkit/alfonso/worktrees/8f93aad09f2535d0/bg_65105c81782c3c96,magic-context,worktree,yes,no,n/a,n/a,n/a,0,0,n/a,n/a,0,0,none,0/n/a/n/a,none,0/n/a/n/a,0,0/n/a/n/a,none,none,0,0/n/a/n/a,0,0
/Users/ufukaltinok/.local/share/cortexkit/alfonso/worktrees/8f93aad09f2535d0/bg_65bc9abb5f80a128,magic-context,worktree,yes,no,n/a,n/a,n/a,0,0,n/a,n/a,0,0,none,0/n/a/n/a,none,0/n/a/n/a,0,0/n/a/n/a,"bash_drain_completions:n=9,p50=166ms,p95=3699ms; edit:n=6,p50=110ms,p95=457ms; glob:n=2,p50=71ms,p95=77ms; inspect:n=4,p50=4526ms,p95=36777ms; outline:n=1,p50=157ms,p95=157ms; search:n=3,p50=121ms,p95=4098ms; write:n=1,p50=50ms,p95=50ms",inspect=2,13,13/9749/9749,0,0
/Users/ufukaltinok/.local/share/cortexkit/alfonso/worktrees/8f93aad09f2535d0/bg_69d18ce043d886f2,magic-context,worktree,yes,no,n/a,n/a,n/a,0,0,n/a,n/a,0,0,none,0/n/a/n/a,none,0/n/a/n/a,0,0/n/a/n/a,none,none,0,0/n/a/n/a,0,0
/Users/ufukaltinok/.local/share/cortexkit/alfonso/worktrees/8f93aad09f2535d0/bg_71d16d4a32576683,magic-context,worktree,yes,no,n/a,n/a,n/a,0,0,n/a,n/a,0,0,none,0/n/a/n/a,none,0/n/a/n/a,0,0/n/a/n/a,none,none,0,0/n/a/n/a,0,0
/Users/ufukaltinok/.local/share/cortexkit/alfonso/worktrees/8f93aad09f2535d0/bg_725195efc2ade047,magic-context,worktree,yes,no,n/a,n/a,n/a,0,0,n/a,n/a,0,0,none,0/n/a/n/a,none,0/n/a/n/a,0,0/n/a/n/a,none,none,0,0/n/a/n/a,0,0
/Users/ufukaltinok/.local/share/cortexkit/alfonso/worktrees/8f93aad09f2535d0/bg_74b20ff7c45493c6,magic-context,worktree,yes,yes,1757,.ts TypeScript=1236; .md Markdown=233; .json JSON=98,cargo:4; node:7,0,0,n/a,n/a,0,0,none,0/n/a/n/a,none,0/n/a/n/a,0,0/n/a/n/a,none,none,0,0/n/a/n/a,0,0
/Users/ufukaltinok/.local/share/cortexkit/alfonso/worktrees/8f93aad09f2535d0/bg_764d5b818bbbd763,magic-context,worktree,yes,yes,1756,.ts TypeScript=1236; .md Markdown=232; .json JSON=98,cargo:4; node:7,0,0,n/a,n/a,0,0,none,0/n/a/n/a,none,0/n/a/n/a,0,0/n/a/n/a,none,none,0,0/n/a/n/a,0,0
/Users/ufukaltinok/.local/share/cortexkit/alfonso/worktrees/8f93aad09f2535d0/bg_7df074e0ed00f262,magic-context,worktree,yes,no,n/a,n/a,n/a,0,0,n/a,n/a,0,0,none,0/n/a/n/a,none,0/n/a/n/a,0,0/n/a/n/a,none,none,0,0/n/a/n/a,0,0
/Users/ufukaltinok/.local/share/cortexkit/alfonso/worktrees/8f93aad09f2535d0/bg_7e349ab10d50d269,magic-context,worktree,yes,no,n/a,n/a,n/a,0,0,n/a,n/a,0,0,none,0/n/a/n/a,none,0/n/a/n/a,0,0/n/a/n/a,none,none,0,0/n/a/n/a,0,0
/Users/ufukaltinok/.local/share/cortexkit/alfonso/worktrees/8f93aad09f2535d0/bg_81819a0d8f7f9632,magic-context,worktree,yes,no,n/a,n/a,n/a,0,0,n/a,n/a,0,0,none,0/n/a/n/a,none,0/n/a/n/a,0,0/n/a/n/a,none,none,0,0/n/a/n/a,0,0
/Users/ufukaltinok/.local/share/cortexkit/alfonso/worktrees/8f93aad09f2535d0/bg_82f5e6af73bda586,magic-context,worktree,yes,yes,1754,.ts TypeScript=1236; .md Markdown=230; .json JSON=98,cargo:4; node:7,0,0,n/a,n/a,0,0,none,0/n/a/n/a,none,0/n/a/n/a,0,0/n/a/n/a,none,none,0,0/n/a/n/a,0,0
/Users/ufukaltinok/.local/share/cortexkit/alfonso/worktrees/8f93aad09f2535d0/bg_842e1992e720f639,magic-context,worktree,yes,yes,1744,.ts TypeScript=1235; .md Markdown=221; .json JSON=98,cargo:4; node:7,0,0,n/a,n/a,0,0,none,0/n/a/n/a,none,0/n/a/n/a,0,0/n/a/n/a,none,none,0,0/n/a/n/a,0,0
/Users/ufukaltinok/.local/share/cortexkit/alfonso/worktrees/8f93aad09f2535d0/bg_845a2d1ea890ad2b,magic-context,worktree,yes,no,n/a,n/a,n/a,0,0,n/a,n/a,0,0,none,0/n/a/n/a,none,0/n/a/n/a,0,0/n/a/n/a,none,none,0,0/n/a/n/a,0,0
/Users/ufukaltinok/.local/share/cortexkit/alfonso/worktrees/8f93aad09f2535d0/bg_867d3f2d,magic-context,worktree,yes,no,n/a,n/a,n/a,0,0,n/a,n/a,0,0,none,0/n/a/n/a,none,0/n/a/n/a,0,0/n/a/n/a,none,none,0,0/n/a/n/a,0,0
/Users/ufukaltinok/.local/share/cortexkit/alfonso/worktrees/8f93aad09f2535d0/bg_86a84382875b9b4c,magic-context,worktree,yes,no,n/a,n/a,n/a,0,0,n/a,n/a,0,0,none,0/n/a/n/a,none,0/n/a/n/a,0,0/n/a/n/a,none,none,0,0/n/a/n/a,0,0
/Users/ufukaltinok/.local/share/cortexkit/alfonso/worktrees/8f93aad09f2535d0/bg_895e37bb298eb7c7,magic-context,worktree,yes,no,n/a,n/a,n/a,0,0,n/a,n/a,0,0,none,0/n/a/n/a,none,0/n/a/n/a,0,0/n/a/n/a,none,none,0,0/n/a/n/a,0,0
/Users/ufukaltinok/.local/share/cortexkit/alfonso/worktrees/8f93aad09f2535d0/bg_8c211e089db8c789,magic-context,worktree,yes,no,n/a,n/a,n/a,0,0,n/a,n/a,0,0,none,0/n/a/n/a,none,0/n/a/n/a,0,0/n/a/n/a,none,none,0,0/n/a/n/a,0,0
/Users/ufukaltinok/.local/share/cortexkit/alfonso/worktrees/8f93aad09f2535d0/bg_8fc212b460f33a0e,magic-context,worktree,yes,no,n/a,n/a,n/a,0,0,n/a,n/a,0,0,none,0/n/a/n/a,none,0/n/a/n/a,0,0/n/a/n/a,none,none,0,0/n/a/n/a,0,0
/Users/ufukaltinok/.local/share/cortexkit/alfonso/worktrees/8f93aad09f2535d0/bg_94029bf368b23028,magic-context,worktree,yes,no,n/a,n/a,n/a,0,0,n/a,n/a,0,0,none,0/n/a/n/a,none,0/n/a/n/a,0,0/n/a/n/a,"bash_drain_completions:n=8,p50=115ms,p95=5845ms; grep:n=2,p50=76ms,p95=133ms; inspect:n=2,p50=3217ms,p95=62419ms; read:n=1,p50=740ms,p95=740ms; search:n=6,p50=1630ms,p95=7704ms",inspect=1,6,6/11400/11400,0,0
/Users/ufukaltinok/.local/share/cortexkit/alfonso/worktrees/8f93aad09f2535d0/bg_9724c67d,magic-context,worktree,yes,no,n/a,n/a,n/a,0,0,n/a,n/a,0,0,none,0/n/a/n/a,none,0/n/a/n/a,0,0/n/a/n/a,none,none,0,0/n/a/n/a,0,0
/Users/ufukaltinok/.local/share/cortexkit/alfonso/worktrees/8f93aad09f2535d0/bg_984800b1d3983bd5,magic-context,worktree,yes,no,n/a,n/a,n/a,0,0,n/a,n/a,0,0,none,0/n/a/n/a,none,0/n/a/n/a,0,0/n/a/n/a,none,none,0,0/n/a/n/a,0,0
/Users/ufukaltinok/.local/share/cortexkit/alfonso/worktrees/8f93aad09f2535d0/bg_9b3291a9b86e8a75,magic-context,worktree,yes,yes,1830,.ts TypeScript=1267; .md Markdown=266; .json JSON=101,cargo:4; node:7,0,0,n/a,n/a,0,0,none,0/n/a/n/a,none,0/n/a/n/a,0,0/n/a/n/a,"ast_search:n=3,p50=291ms,p95=1907ms; bash_drain_completions:n=8,p50=61ms,p95=7164ms; edit:n=1,p50=70ms,p95=70ms; glob:n=7,p50=271ms,p95=2076ms; grep:n=9,p50=186ms,p95=375ms; inspect:n=1,p50=87248ms,p95=87248ms; outline:n=1,p50=1906ms,p95=1906ms; read:n=2,p50=1661ms,p95=1661ms; search:n=10,p50=4785ms,p95=29244ms; write:n=1,p50=83ms,p95=83ms; zoom:n=2,p50=334ms,p95=4570ms",inspect=1; search=3,4,4/30032/30032,0,0
/Users/ufukaltinok/.local/share/cortexkit/alfonso/worktrees/8f93aad09f2535d0/bg_9b9b22a05caedcd0,magic-context,worktree,yes,no,n/a,n/a,n/a,0,0,n/a,n/a,0,0,none,0/n/a/n/a,none,0/n/a/n/a,0,0/n/a/n/a,none,none,0,0/n/a/n/a,0,0
/Users/ufukaltinok/.local/share/cortexkit/alfonso/worktrees/8f93aad09f2535d0/bg_9bc10bb3,magic-context,worktree,yes,no,n/a,n/a,n/a,0,0,n/a,n/a,0,0,none,0/n/a/n/a,none,0/n/a/n/a,0,0/n/a/n/a,none,none,0,0/n/a/n/a,0,0
/Users/ufukaltinok/.local/share/cortexkit/alfonso/worktrees/8f93aad09f2535d0/bg_9bc4612749f170bc,magic-context,worktree,yes,yes,1742,.ts TypeScript=1234; .md Markdown=221; .json JSON=97,cargo:4; node:7,0,0,n/a,n/a,0,0,none,0/n/a/n/a,none,0/n/a/n/a,0,0/n/a/n/a,none,none,0,0/n/a/n/a,0,0
/Users/ufukaltinok/.local/share/cortexkit/alfonso/worktrees/8f93aad09f2535d0/bg_a9aa2b5f5d7bc7da,magic-context,worktree,yes,no,n/a,n/a,n/a,0,0,n/a,n/a,0,0,none,0/n/a/n/a,none,0/n/a/n/a,0,0/n/a/n/a,none,none,0,0/n/a/n/a,0,0
/Users/ufukaltinok/.local/share/cortexkit/alfonso/worktrees/8f93aad09f2535d0/bg_a9c7c5b58a07ea4f,magic-context,worktree,yes,no,n/a,n/a,n/a,0,0,n/a,n/a,0,0,none,0/n/a/n/a,none,0/n/a/n/a,0,0/n/a/n/a,none,none,0,0/n/a/n/a,0,0
/Users/ufukaltinok/.local/share/cortexkit/alfonso/worktrees/8f93aad09f2535d0/bg_aa442642bd00a85e,magic-context,worktree,yes,no,n/a,n/a,n/a,0,0,n/a,n/a,0,0,none,0/n/a/n/a,none,0/n/a/n/a,0,0/n/a/n/a,none,none,0,0/n/a/n/a,0,0
/Users/ufukaltinok/.local/share/cortexkit/alfonso/worktrees/8f93aad09f2535d0/bg_af45572a,magic-context,worktree,yes,no,n/a,n/a,n/a,0,0,n/a,n/a,0,0,none,0/n/a/n/a,none,0/n/a/n/a,0,0/n/a/n/a,none,none,0,0/n/a/n/a,0,0
/Users/ufukaltinok/.local/share/cortexkit/alfonso/worktrees/8f93aad09f2535d0/bg_b861829ddca8d1df,magic-context,worktree,yes,no,n/a,n/a,n/a,0,0,n/a,n/a,0,0,none,0/n/a/n/a,none,0/n/a/n/a,0,0/n/a/n/a,none,none,0,0/n/a/n/a,0,0
/Users/ufukaltinok/.local/share/cortexkit/alfonso/worktrees/8f93aad09f2535d0/bg_bcb1fbc2bbe3d1a1,magic-context,worktree,yes,no,n/a,n/a,n/a,0,0,n/a,n/a,0,0,none,0/n/a/n/a,none,0/n/a/n/a,0,0/n/a/n/a,none,none,0,0/n/a/n/a,0,0
/Users/ufukaltinok/.local/share/cortexkit/alfonso/worktrees/8f93aad09f2535d0/bg_c2217ebb,magic-context,worktree,yes,no,n/a,n/a,n/a,0,0,n/a,n/a,0,0,none,0/n/a/n/a,none,0/n/a/n/a,0,0/n/a/n/a,none,none,0,0/n/a/n/a,0,0
/Users/ufukaltinok/.local/share/cortexkit/alfonso/worktrees/8f93aad09f2535d0/bg_c4cd9ae45f45e2d4,magic-context,worktree,yes,no,n/a,n/a,n/a,0,0,n/a,n/a,0,0,none,0/n/a/n/a,none,0/n/a/n/a,0,0/n/a/n/a,none,none,0,0/n/a/n/a,0,0
/Users/ufukaltinok/.local/share/cortexkit/alfonso/worktrees/8f93aad09f2535d0/bg_c5719d8caf3d677c,magic-context,worktree,yes,no,n/a,n/a,n/a,0,0,n/a,n/a,0,0,none,0/n/a/n/a,none,0/n/a/n/a,0,0/n/a/n/a,none,none,0,0/n/a/n/a,0,0
/Users/ufukaltinok/.local/share/cortexkit/alfonso/worktrees/8f93aad09f2535d0/bg_c7485971,magic-context,worktree,yes,no,n/a,n/a,n/a,0,0,n/a,n/a,0,0,none,0/n/a/n/a,none,0/n/a/n/a,0,0/n/a/n/a,none,none,0,0/n/a/n/a,0,0
/Users/ufukaltinok/.local/share/cortexkit/alfonso/worktrees/8f93aad09f2535d0/bg_c80d2a9b0fb67c5d,magic-context,worktree,yes,no,n/a,n/a,n/a,0,0,n/a,n/a,0,0,none,0/n/a/n/a,none,0/n/a/n/a,0,0/n/a/n/a,none,none,0,0/n/a/n/a,0,0
/Users/ufukaltinok/.local/share/cortexkit/alfonso/worktrees/8f93aad09f2535d0/bg_caf0109c,magic-context,worktree,yes,no,n/a,n/a,n/a,0,0,n/a,n/a,0,0,none,0/n/a/n/a,none,0/n/a/n/a,0,0/n/a/n/a,none,none,0,0/n/a/n/a,0,0
/Users/ufukaltinok/.local/share/cortexkit/alfonso/worktrees/8f93aad09f2535d0/bg_cb81aee282692cf4,magic-context,worktree,yes,no,n/a,n/a,n/a,0,0,n/a,n/a,0,0,none,0/n/a/n/a,none,0/n/a/n/a,0,0/n/a/n/a,none,none,0,0/n/a/n/a,0,0
/Users/ufukaltinok/.local/share/cortexkit/alfonso/worktrees/8f93aad09f2535d0/bg_d03b365d49a7c5fe,magic-context,worktree,yes,no,n/a,n/a,n/a,0,0,n/a,n/a,0,0,none,0/n/a/n/a,none,0/n/a/n/a,0,0/n/a/n/a,none,none,0,0/n/a/n/a,0,0
/Users/ufukaltinok/.local/share/cortexkit/alfonso/worktrees/8f93aad09f2535d0/bg_d0e98aee,magic-context,worktree,yes,no,n/a,n/a,n/a,0,0,n/a,n/a,0,0,none,0/n/a/n/a,none,0/n/a/n/a,0,0/n/a/n/a,none,none,0,0/n/a/n/a,0,0
/Users/ufukaltinok/.local/share/cortexkit/alfonso/worktrees/8f93aad09f2535d0/bg_d4f9c9c3,magic-context,worktree,yes,no,n/a,n/a,n/a,0,0,n/a,n/a,0,0,none,0/n/a/n/a,none,0/n/a/n/a,0,0/n/a/n/a,none,none,0,0/n/a/n/a,0,0
/Users/ufukaltinok/.local/share/cortexkit/alfonso/worktrees/8f93aad09f2535d0/bg_d8c65bf7d6e607c9,magic-context,worktree,yes,no,n/a,n/a,n/a,0,0,n/a,n/a,0,0,none,0/n/a/n/a,none,0/n/a/n/a,0,0/n/a/n/a,"bash_drain_completions:n=6,p50=178ms,p95=4577ms; edit:n=9,p50=197ms,p95=521ms; glob:n=2,p50=95ms,p95=117ms; grep:n=9,p50=71ms,p95=98ms; inspect:n=3,p50=7838ms,p95=48846ms; outline:n=2,p50=71ms,p95=1042ms; read:n=1,p50=80ms,p95=80ms; search:n=8,p50=2608ms,p95=5357ms; zoom:n=5,p50=93ms,p95=138ms",inspect=1,9,9/5622/5622,0,0
/Users/ufukaltinok/.local/share/cortexkit/alfonso/worktrees/8f93aad09f2535d0/bg_d9a1d0ec867febdf,magic-context,worktree,yes,no,n/a,n/a,n/a,0,0,n/a,n/a,0,0,none,0/n/a/n/a,none,0/n/a/n/a,0,0/n/a/n/a,"bash_drain_completions:n=29,p50=114ms,p95=176ms; edit:n=3,p50=62ms,p95=82ms; glob:n=2,p50=69ms,p95=71ms; grep:n=6,p50=89ms,p95=109ms; import:n=1,p50=52ms,p95=52ms; inspect:n=3,p50=3387ms,p95=31797ms; outline:n=1,p50=328ms,p95=328ms; search:n=8,p50=106ms,p95=535ms",inspect=1,9,9/2801/2801,0,0
/Users/ufukaltinok/.local/share/cortexkit/alfonso/worktrees/8f93aad09f2535d0/bg_ddeb0eb63e240e7e,magic-context,worktree,yes,no,n/a,n/a,n/a,0,0,n/a,n/a,0,0,none,0/n/a/n/a,none,0/n/a/n/a,0,0/n/a/n/a,none,none,0,0/n/a/n/a,0,0
/Users/ufukaltinok/.local/share/cortexkit/alfonso/worktrees/8f93aad09f2535d0/bg_df158ef44b2ebc07,magic-context,worktree,yes,no,n/a,n/a,n/a,0,0,n/a,n/a,0,0,none,0/n/a/n/a,none,0/n/a/n/a,0,0/n/a/n/a,none,none,0,0/n/a/n/a,0,0
/Users/ufukaltinok/.local/share/cortexkit/alfonso/worktrees/8f93aad09f2535d0/bg_e13edba6fbded8cc,magic-context,worktree,yes,no,n/a,n/a,n/a,0,0,n/a,n/a,0,0,none,0/n/a/n/a,none,0/n/a/n/a,0,0/n/a/n/a,none,none,0,0/n/a/n/a,0,0
/Users/ufukaltinok/.local/share/cortexkit/alfonso/worktrees/8f93aad09f2535d0/bg_e4bd6cd12c18e497,magic-context,worktree,yes,yes,1831,.ts TypeScript=1267; .md Markdown=267; .json JSON=101,cargo:4; node:7,0,0,n/a,n/a,0,0,none,0/n/a/n/a,none,0/n/a/n/a,0,0/n/a/n/a,"bash_drain_completions:n=11,p50=153ms,p95=3386ms; edit:n=25,p50=93ms,p95=322ms; grep:n=8,p50=109ms,p95=675ms; inspect:n=1,p50=97501ms,p95=97501ms; outline:n=3,p50=81ms,p95=663ms; read:n=5,p50=109ms,p95=519ms; search:n=17,p50=9840ms,p95=23340ms; zoom:n=4,p50=77ms,p95=263ms",inspect=1; search=8,4,4/22434/22434,0,0
/Users/ufukaltinok/.local/share/cortexkit/alfonso/worktrees/8f93aad09f2535d0/bg_ea7180d2,magic-context,worktree,yes,no,n/a,n/a,n/a,0,0,n/a,n/a,0,0,none,0/n/a/n/a,none,0/n/a/n/a,0,0/n/a/n/a,none,none,0,0/n/a/n/a,0,0
/Users/ufukaltinok/.local/share/cortexkit/alfonso/worktrees/8f93aad09f2535d0/bg_eb9f67e5cea40bc0,magic-context,worktree,yes,no,n/a,n/a,n/a,0,0,n/a,n/a,0,0,none,0/n/a/n/a,none,0/n/a/n/a,0,0/n/a/n/a,none,none,0,0/n/a/n/a,0,0
/Users/ufukaltinok/.local/share/cortexkit/alfonso/worktrees/8f93aad09f2535d0/bg_ed851f548ede70f1,magic-context,worktree,yes,no,n/a,n/a,n/a,0,0,n/a,n/a,0,0,none,0/n/a/n/a,none,0/n/a/n/a,0,0/n/a/n/a,none,none,0,0/n/a/n/a,0,0
/Users/ufukaltinok/.local/share/cortexkit/alfonso/worktrees/8f93aad09f2535d0/bg_f1e1725ae88a4df1,magic-context,worktree,yes,no,n/a,n/a,n/a,0,0,n/a,n/a,0,0,none,0/n/a/n/a,none,0/n/a/n/a,0,0/n/a/n/a,none,none,0,0/n/a/n/a,0,0
/Users/ufukaltinok/.local/share/cortexkit/alfonso/worktrees/8f93aad09f2535d0/bg_f2c15f72e2af9c64,magic-context,worktree,yes,no,n/a,n/a,n/a,0,0,n/a,n/a,0,0,none,0/n/a/n/a,none,0/n/a/n/a,0,0/n/a/n/a,"bash_drain_completions:n=12,p50=82ms,p95=3644ms; edit:n=3,p50=79ms,p95=113ms; glob:n=2,p50=85ms,p95=102ms; grep:n=16,p50=84ms,p95=147ms; inspect:n=2,p50=5931ms,p95=27249ms; outline:n=1,p50=140ms,p95=140ms; search:n=4,p50=96ms,p95=240ms; zoom:n=1,p50=69ms,p95=69ms",inspect=1,6,6/3747/3747,0,0
/Users/ufukaltinok/.local/share/cortexkit/alfonso/worktrees/8f93aad09f2535d0/bg_f4797e3e34e00971,magic-context,worktree,yes,no,n/a,n/a,n/a,0,0,n/a,n/a,0,0,none,0/n/a/n/a,none,0/n/a/n/a,0,0/n/a/n/a,none,none,0,0/n/a/n/a,0,0
/Users/ufukaltinok/.local/share/cortexkit/alfonso/worktrees/8f93aad09f2535d0/bg_f4d27450,magic-context,worktree,yes,no,n/a,n/a,n/a,0,0,n/a,n/a,0,0,none,0/n/a/n/a,none,0/n/a/n/a,0,0/n/a/n/a,none,none,0,0/n/a/n/a,0,0
/Users/ufukaltinok/.local/share/cortexkit/alfonso/worktrees/8f93aad09f2535d0/bg_f9b9711ad3d1bc7d,magic-context,worktree,yes,yes,1770,.ts TypeScript=1238; .md Markdown=244; .json JSON=98,cargo:4; node:7,0,0,n/a,n/a,0,0,none,0/n/a/n/a,none,0/n/a/n/a,0,0/n/a/n/a,none,none,0,0/n/a/n/a,0,0
/Users/ufukaltinok/.local/share/cortexkit/alfonso/worktrees/8f93aad09f2535d0/bg_fa7cc841,magic-context,worktree,yes,no,n/a,n/a,n/a,0,0,n/a,n/a,0,0,none,0/n/a/n/a,none,0/n/a/n/a,0,0/n/a/n/a,none,none,0,0/n/a/n/a,0,0
/Users/ufukaltinok/.local/share/cortexkit/alfonso/worktrees/8f93aad09f2535d0/bg_fbb69c1b,magic-context,worktree,yes,no,n/a,n/a,n/a,0,0,n/a,n/a,0,0,none,0/n/a/n/a,none,0/n/a/n/a,0,0/n/a/n/a,none,none,0,0/n/a/n/a,0,0
/Users/ufukaltinok/.local/share/cortexkit/alfonso/worktrees/8f93aad09f2535d0/bg_fc6e53b8,magic-context,worktree,yes,no,n/a,n/a,n/a,0,0,n/a,n/a,0,0,none,0/n/a/n/a,none,0/n/a/n/a,0,0/n/a/n/a,none,none,0,0/n/a/n/a,0,0
/Users/ufukaltinok/.local/share/cortexkit/alfonso/worktrees/954f76d906cc082a/bg_10e2bc9a17164d25,avatar,worktree,yes,no,n/a,n/a,n/a,0,0,n/a,n/a,0,0,none,0/n/a/n/a,none,0/n/a/n/a,0,0/n/a/n/a,none,none,0,0/n/a/n/a,0,0
/Users/ufukaltinok/.local/share/cortexkit/alfonso/worktrees/954f76d906cc082a/bg_1df49fac470205dc,avatar,worktree,yes,no,n/a,n/a,n/a,0,0,n/a,n/a,0,0,none,0/n/a/n/a,none,0/n/a/n/a,0,0/n/a/n/a,none,none,0,0/n/a/n/a,0,0
/Users/ufukaltinok/.local/share/cortexkit/alfonso/worktrees/954f76d906cc082a/bg_6569d90eced05572,avatar,worktree,yes,yes,342,.svg svg=97; .json JSON=69; .rs Rust=56,cargo:6,0,0,n/a,n/a,0,0,none,0/n/a/n/a,none,0/n/a/n/a,0,0/n/a/n/a,none,none,0,0/n/a/n/a,0,0
/Users/ufukaltinok/.local/share/cortexkit/alfonso/worktrees/954f76d906cc082a/bg_b60cbe3725f2f403,avatar,worktree,yes,no,n/a,n/a,n/a,0,0,n/a,n/a,0,0,none,0/n/a/n/a,none,0/n/a/n/a,0,0/n/a/n/a,none,none,0,0/n/a/n/a,0,0
/Users/ufukaltinok/.local/share/cortexkit/alfonso/worktrees/954f76d906cc082a/bg_c6a28dada7debee4,avatar,worktree,yes,no,n/a,n/a,n/a,0,0,n/a,n/a,0,0,none,0/n/a/n/a,none,0/n/a/n/a,0,0/n/a/n/a,none,none,0,0/n/a/n/a,0,0
/Users/ufukaltinok/.local/share/cortexkit/alfonso/worktrees/b9743668ae84a898/bg_33c09285b39138a4,plexus,worktree,yes,no,n/a,n/a,n/a,0,0,n/a,n/a,0,0,none,0/n/a/n/a,none,0/n/a/n/a,0,0/n/a/n/a,none,none,0,0/n/a/n/a,0,0
/Users/ufukaltinok/.local/share/cortexkit/alfonso/worktrees/b9743668ae84a898/bg_8c275e641e2f7a4c,plexus,worktree,yes,no,n/a,n/a,n/a,0,0,n/a,n/a,0,0,none,0/n/a/n/a,none,0/n/a/n/a,0,0/n/a/n/a,none,none,0,0/n/a/n/a,0,0
/Users/ufukaltinok/.local/share/cortexkit/alfonso/worktrees/c0c39eea197fcc68/bg_01fa34c6b3afbd76,prefrontal,worktree,yes,no,n/a,n/a,n/a,0,0,n/a,n/a,0,0,none,0/n/a/n/a,none,0/n/a/n/a,0,0/n/a/n/a,none,none,0,0/n/a/n/a,0,0
/Users/ufukaltinok/.local/share/cortexkit/alfonso/worktrees/c0c39eea197fcc68/bg_0661314af11ff409,prefrontal,worktree,yes,yes,1778,.ts TypeScript=710; .rs Rust=390; .md Markdown=258,cargo:8,0,0,n/a,n/a,0,0,none,0/n/a/n/a,none,0/n/a/n/a,0,0/n/a/n/a,none,none,0,0/n/a/n/a,0,0
/Users/ufukaltinok/.local/share/cortexkit/alfonso/worktrees/c0c39eea197fcc68/bg_08200a517e109b17,prefrontal,worktree,yes,no,n/a,n/a,n/a,0,0,n/a,n/a,0,0,none,0/n/a/n/a,none,0/n/a/n/a,0,0/n/a/n/a,none,none,0,0/n/a/n/a,0,0
/Users/ufukaltinok/.local/share/cortexkit/alfonso/worktrees/c0c39eea197fcc68/bg_08301553c2feb815,prefrontal,worktree,yes,yes,1768,.ts TypeScript=710; .rs Rust=388; .md Markdown=252,cargo:8,0,0,n/a,n/a,0,0,none,0/n/a/n/a,none,0/n/a/n/a,0,0/n/a/n/a,none,none,0,0/n/a/n/a,0,0
/Users/ufukaltinok/.local/share/cortexkit/alfonso/worktrees/c0c39eea197fcc68/bg_09202c69dfe3a1cc,prefrontal,worktree,yes,no,n/a,n/a,n/a,0,0,n/a,n/a,0,0,none,0/n/a/n/a,none,0/n/a/n/a,0,0/n/a/n/a,none,none,0,0/n/a/n/a,0,0
/Users/ufukaltinok/.local/share/cortexkit/alfonso/worktrees/c0c39eea197fcc68/bg_09507903,prefrontal,worktree,yes,no,n/a,n/a,n/a,0,0,n/a,n/a,0,0,none,0/n/a/n/a,none,0/n/a/n/a,0,0/n/a/n/a,none,none,0,0/n/a/n/a,0,0
/Users/ufukaltinok/.local/share/cortexkit/alfonso/worktrees/c0c39eea197fcc68/bg_0af6ab734b472b7c,prefrontal,worktree,yes,no,n/a,n/a,n/a,0,0,n/a,n/a,0,0,none,0/n/a/n/a,none,0/n/a/n/a,0,0/n/a/n/a,none,none,0,0/n/a/n/a,0,0
/Users/ufukaltinok/.local/share/cortexkit/alfonso/worktrees/c0c39eea197fcc68/bg_1304870587087b19,prefrontal,worktree,yes,no,n/a,n/a,n/a,0,0,n/a,n/a,0,0,none,0/n/a/n/a,none,0/n/a/n/a,0,0/n/a/n/a,none,none,0,0/n/a/n/a,0,0
/Users/ufukaltinok/.local/share/cortexkit/alfonso/worktrees/c0c39eea197fcc68/bg_130c385b8bb9a270,prefrontal,worktree,yes,no,n/a,n/a,n/a,0,0,n/a,n/a,0,0,none,0/n/a/n/a,none,0/n/a/n/a,0,0/n/a/n/a,none,none,0,0/n/a/n/a,0,0
/Users/ufukaltinok/.local/share/cortexkit/alfonso/worktrees/c0c39eea197fcc68/bg_149076ca3c63e22a,prefrontal,worktree,yes,no,n/a,n/a,n/a,0,0,n/a,n/a,0,0,none,0/n/a/n/a,none,0/n/a/n/a,0,0/n/a/n/a,none,none,0,0/n/a/n/a,0,0
/Users/ufukaltinok/.local/share/cortexkit/alfonso/worktrees/c0c39eea197fcc68/bg_1711190e8e33afeb,prefrontal,worktree,yes,no,n/a,n/a,n/a,0,0,n/a,n/a,0,0,none,0/n/a/n/a,none,0/n/a/n/a,0,0/n/a/n/a,none,none,0,0/n/a/n/a,0,0
/Users/ufukaltinok/.local/share/cortexkit/alfonso/worktrees/c0c39eea197fcc68/bg_17b86b5e92399419,prefrontal,worktree,yes,no,n/a,n/a,n/a,0,0,n/a,n/a,0,0,none,0/n/a/n/a,none,0/n/a/n/a,0,0/n/a/n/a,none,none,0,0/n/a/n/a,0,0
/Users/ufukaltinok/.local/share/cortexkit/alfonso/worktrees/c0c39eea197fcc68/bg_189e971bd9b1bdd2,prefrontal,worktree,yes,yes,1764,.ts TypeScript=710; .rs Rust=387; .md Markdown=252,cargo:8,0,0,n/a,n/a,0,0,none,0/n/a/n/a,none,0/n/a/n/a,0,0/n/a/n/a,none,none,0,0/n/a/n/a,0,0
/Users/ufukaltinok/.local/share/cortexkit/alfonso/worktrees/c0c39eea197fcc68/bg_19ac8d9e,prefrontal,worktree,yes,no,n/a,n/a,n/a,0,0,n/a,n/a,0,0,none,0/n/a/n/a,none,0/n/a/n/a,0,0/n/a/n/a,none,none,0,0/n/a/n/a,0,0
/Users/ufukaltinok/.local/share/cortexkit/alfonso/worktrees/c0c39eea197fcc68/bg_20f7aafb46c715f6,prefrontal,worktree,yes,yes,1891,.ts TypeScript=708; .rs Rust=457; .md Markdown=260,cargo:8,0,0,n/a,n/a,0,0,none,0/n/a/n/a,none,0/n/a/n/a,0,0/n/a/n/a,"bash_drain_completions:n=4,p50=63ms,p95=90ms; edit:n=16,p50=118ms,p95=906ms; grep:n=3,p50=279ms,p95=279ms; inspect:n=2,p50=17982ms,p95=36221ms; outline:n=4,p50=201ms,p95=1803ms; read:n=1,p50=149ms,p95=149ms; search:n=27,p50=7166ms,p95=56374ms; write:n=1,p50=77ms,p95=77ms; zoom:n=1,p50=459ms,p95=459ms",inspect=2; search=10,8,8/15470/15470,0,0
/Users/ufukaltinok/.local/share/cortexkit/alfonso/worktrees/c0c39eea197fcc68/bg_21d106c6f160119b,prefrontal,worktree,yes,no,n/a,n/a,n/a,0,0,n/a,n/a,0,0,none,0/n/a/n/a,none,0/n/a/n/a,0,0/n/a/n/a,none,none,0,0/n/a/n/a,0,0
/Users/ufukaltinok/.local/share/cortexkit/alfonso/worktrees/c0c39eea197fcc68/bg_21e9f3a3d500f84a,prefrontal,worktree,yes,no,n/a,n/a,n/a,0,0,n/a,n/a,0,0,none,0/n/a/n/a,none,0/n/a/n/a,0,0/n/a/n/a,none,none,0,0/n/a/n/a,0,0
/Users/ufukaltinok/.local/share/cortexkit/alfonso/worktrees/c0c39eea197fcc68/bg_2367cef0dc00e796,prefrontal,worktree,yes,no,n/a,n/a,n/a,0,0,n/a,n/a,0,0,none,0/n/a/n/a,none,0/n/a/n/a,0,0/n/a/n/a,none,none,0,0/n/a/n/a,0,0
/Users/ufukaltinok/.local/share/cortexkit/alfonso/worktrees/c0c39eea197fcc68/bg_247cc544a6df7bff,prefrontal,worktree,yes,no,n/a,n/a,n/a,0,0,n/a,n/a,0,0,none,0/n/a/n/a,none,0/n/a/n/a,0,0/n/a/n/a,none,none,0,0/n/a/n/a,0,0
/Users/ufukaltinok/.local/share/cortexkit/alfonso/worktrees/c0c39eea197fcc68/bg_25dcf06508c3d656,prefrontal,worktree,yes,no,n/a,n/a,n/a,0,0,n/a,n/a,0,0,none,0/n/a/n/a,none,0/n/a/n/a,0,0/n/a/n/a,none,none,0,0/n/a/n/a,0,0
/Users/ufukaltinok/.local/share/cortexkit/alfonso/worktrees/c0c39eea197fcc68/bg_2962d1e8b05eddf1,prefrontal,worktree,yes,yes,1763,.ts TypeScript=710; .rs Rust=387; .md Markdown=251,cargo:8,0,0,n/a,n/a,0,0,none,0/n/a/n/a,none,0/n/a/n/a,0,0/n/a/n/a,none,none,0,0/n/a/n/a,0,0
/Users/ufukaltinok/.local/share/cortexkit/alfonso/worktrees/c0c39eea197fcc68/bg_29dc166f,prefrontal,worktree,yes,no,n/a,n/a,n/a,0,0,n/a,n/a,0,0,none,0/n/a/n/a,none,0/n/a/n/a,0,0/n/a/n/a,none,none,0,0/n/a/n/a,0,0
/Users/ufukaltinok/.local/share/cortexkit/alfonso/worktrees/c0c39eea197fcc68/bg_2a04c7911f72aeda,prefrontal,worktree,yes,no,n/a,n/a,n/a,0,0,n/a,n/a,0,0,none,0/n/a/n/a,none,0/n/a/n/a,0,0/n/a/n/a,none,none,0,0/n/a/n/a,0,0
/Users/ufukaltinok/.local/share/cortexkit/alfonso/worktrees/c0c39eea197fcc68/bg_2b8f73b3,prefrontal,worktree,yes,no,n/a,n/a,n/a,0,0,n/a,n/a,0,0,none,0/n/a/n/a,none,0/n/a/n/a,0,0/n/a/n/a,none,none,0,0/n/a/n/a,0,0
/Users/ufukaltinok/.local/share/cortexkit/alfonso/worktrees/c0c39eea197fcc68/bg_2d37d6cb86ac2591,prefrontal,worktree,yes,no,n/a,n/a,n/a,0,0,n/a,n/a,0,0,none,0/n/a/n/a,none,0/n/a/n/a,0,0/n/a/n/a,none,none,0,0/n/a/n/a,0,0
/Users/ufukaltinok/.local/share/cortexkit/alfonso/worktrees/c0c39eea197fcc68/bg_2d832e442da7b001,prefrontal,worktree,yes,no,n/a,n/a,n/a,0,0,n/a,n/a,0,0,none,0/n/a/n/a,none,0/n/a/n/a,0,0/n/a/n/a,none,none,0,0/n/a/n/a,0,0
/Users/ufukaltinok/.local/share/cortexkit/alfonso/worktrees/c0c39eea197fcc68/bg_31895679423adffd,prefrontal,worktree,yes,no,n/a,n/a,n/a,0,0,n/a,n/a,0,0,none,0/n/a/n/a,none,0/n/a/n/a,0,0/n/a/n/a,none,none,0,0/n/a/n/a,0,0
/Users/ufukaltinok/.local/share/cortexkit/alfonso/worktrees/c0c39eea197fcc68/bg_3521a896447d8ba7,prefrontal,worktree,yes,yes,1772,.ts TypeScript=710; .rs Rust=390; .md Markdown=252,cargo:8,0,0,n/a,n/a,0,0,none,0/n/a/n/a,none,0/n/a/n/a,0,0/n/a/n/a,none,none,0,0/n/a/n/a,0,0
/Users/ufukaltinok/.local/share/cortexkit/alfonso/worktrees/c0c39eea197fcc68/bg_38f85e0374653600,prefrontal,worktree,yes,no,n/a,n/a,n/a,0,0,n/a,n/a,0,0,none,0/n/a/n/a,none,0/n/a/n/a,0,0/n/a/n/a,none,none,0,0/n/a/n/a,0,0
/Users/ufukaltinok/.local/share/cortexkit/alfonso/worktrees/c0c39eea197fcc68/bg_3917252884b9798a,prefrontal,worktree,yes,no,n/a,n/a,n/a,0,0,n/a,n/a,0,0,none,0/n/a/n/a,none,0/n/a/n/a,0,0/n/a/n/a,none,none,0,0/n/a/n/a,0,0
/Users/ufukaltinok/.local/share/cortexkit/alfonso/worktrees/c0c39eea197fcc68/bg_392fdadf83095ab3,prefrontal,worktree,yes,no,n/a,n/a,n/a,0,0,n/a,n/a,0,0,none,0/n/a/n/a,none,0/n/a/n/a,0,0/n/a/n/a,none,none,0,0/n/a/n/a,0,0
/Users/ufukaltinok/.local/share/cortexkit/alfonso/worktrees/c0c39eea197fcc68/bg_3a64ccf16c2021a4,prefrontal,worktree,yes,yes,1891,.ts TypeScript=708; .rs Rust=457; .md Markdown=260,cargo:8,0,0,n/a,n/a,0,0,none,0/n/a/n/a,none,0/n/a/n/a,0,0/n/a/n/a,"bash_drain_completions:n=3,p50=96ms,p95=146ms; edit:n=21,p50=95ms,p95=325ms; inspect:n=2,p50=23395ms,p95=125102ms; outline:n=1,p50=219ms,p95=219ms; read:n=2,p50=52ms,p95=54ms; search:n=32,p50=10986ms,p95=38797ms",inspect=2; search=17,4,4/18590/18590,0,0
/Users/ufukaltinok/.local/share/cortexkit/alfonso/worktrees/c0c39eea197fcc68/bg_3a97d15262b52455,prefrontal,worktree,yes,no,n/a,n/a,n/a,0,0,n/a,n/a,0,0,none,0/n/a/n/a,none,0/n/a/n/a,0,0/n/a/n/a,none,none,0,0/n/a/n/a,0,0
/Users/ufukaltinok/.local/share/cortexkit/alfonso/worktrees/c0c39eea197fcc68/bg_3b02f8dadd8a53f8,prefrontal,worktree,yes,yes,1757,.ts TypeScript=713; .rs Rust=384; .md Markdown=250,cargo:8,0,0,n/a,n/a,0,0,none,0/n/a/n/a,none,0/n/a/n/a,0,0/n/a/n/a,none,none,0,0/n/a/n/a,0,0
/Users/ufukaltinok/.local/share/cortexkit/alfonso/worktrees/c0c39eea197fcc68/bg_3ddcf7af6a879a47,prefrontal,worktree,yes,no,n/a,n/a,n/a,0,0,n/a,n/a,0,0,none,0/n/a/n/a,none,0/n/a/n/a,0,0/n/a/n/a,none,none,0,0/n/a/n/a,0,0
/Users/ufukaltinok/.local/share/cortexkit/alfonso/worktrees/c0c39eea197fcc68/bg_4018a3ce4d132644,prefrontal,worktree,yes,no,n/a,n/a,n/a,0,0,n/a,n/a,0,0,none,0/n/a/n/a,none,0/n/a/n/a,0,0/n/a/n/a,none,none,0,0/n/a/n/a,0,0
/Users/ufukaltinok/.local/share/cortexkit/alfonso/worktrees/c0c39eea197fcc68/bg_4026410f7a747939,prefrontal,worktree,yes,no,n/a,n/a,n/a,0,0,n/a,n/a,0,0,none,0/n/a/n/a,none,0/n/a/n/a,0,0/n/a/n/a,none,none,0,0/n/a/n/a,0,0
/Users/ufukaltinok/.local/share/cortexkit/alfonso/worktrees/c0c39eea197fcc68/bg_45b26792,prefrontal,worktree,yes,no,n/a,n/a,n/a,0,0,n/a,n/a,0,0,none,0/n/a/n/a,none,0/n/a/n/a,0,0/n/a/n/a,none,none,0,0/n/a/n/a,0,0
/Users/ufukaltinok/.local/share/cortexkit/alfonso/worktrees/c0c39eea197fcc68/bg_4a7c943f,prefrontal,worktree,yes,no,n/a,n/a,n/a,0,0,n/a,n/a,0,0,none,0/n/a/n/a,none,0/n/a/n/a,0,0/n/a/n/a,none,none,0,0/n/a/n/a,0,0
/Users/ufukaltinok/.local/share/cortexkit/alfonso/worktrees/c0c39eea197fcc68/bg_4b9641ed,prefrontal,worktree,yes,no,n/a,n/a,n/a,0,0,n/a,n/a,0,0,none,0/n/a/n/a,none,0/n/a/n/a,0,0/n/a/n/a,none,none,0,0/n/a/n/a,0,0
/Users/ufukaltinok/.local/share/cortexkit/alfonso/worktrees/c0c39eea197fcc68/bg_4d60f2100c63c253,prefrontal,worktree,yes,no,n/a,n/a,n/a,0,0,n/a,n/a,0,0,none,0/n/a/n/a,none,0/n/a/n/a,0,0/n/a/n/a,none,none,0,0/n/a/n/a,0,0
/Users/ufukaltinok/.local/share/cortexkit/alfonso/worktrees/c0c39eea197fcc68/bg_4e6d6429c13dec94,prefrontal,worktree,yes,no,n/a,n/a,n/a,0,0,n/a,n/a,0,0,none,0/n/a/n/a,none,0/n/a/n/a,0,0/n/a/n/a,none,none,0,0/n/a/n/a,0,0
/Users/ufukaltinok/.local/share/cortexkit/alfonso/worktrees/c0c39eea197fcc68/bg_5230535c04b2ee48,prefrontal,worktree,yes,no,n/a,n/a,n/a,0,0,n/a,n/a,0,0,none,0/n/a/n/a,none,0/n/a/n/a,0,0/n/a/n/a,none,none,0,0/n/a/n/a,0,0
/Users/ufukaltinok/.local/share/cortexkit/alfonso/worktrees/c0c39eea197fcc68/bg_55270ec8b242046c,prefrontal,worktree,yes,no,n/a,n/a,n/a,0,0,n/a,n/a,0,0,none,0/n/a/n/a,none,0/n/a/n/a,0,0/n/a/n/a,none,none,0,0/n/a/n/a,0,0
/Users/ufukaltinok/.local/share/cortexkit/alfonso/worktrees/c0c39eea197fcc68/bg_58d1fa77aac4bf08,prefrontal,worktree,yes,no,n/a,n/a,n/a,0,0,n/a,n/a,0,0,none,0/n/a/n/a,none,0/n/a/n/a,0,0/n/a/n/a,none,none,0,0/n/a/n/a,0,0
/Users/ufukaltinok/.local/share/cortexkit/alfonso/worktrees/c0c39eea197fcc68/bg_5da58c94ef2e368b,prefrontal,worktree,yes,no,n/a,n/a,n/a,0,0,n/a,n/a,0,0,none,0/n/a/n/a,none,0/n/a/n/a,0,0/n/a/n/a,none,none,0,0/n/a/n/a,0,0
/Users/ufukaltinok/.local/share/cortexkit/alfonso/worktrees/c0c39eea197fcc68/bg_5e6a56b8,prefrontal,worktree,yes,no,n/a,n/a,n/a,0,0,n/a,n/a,0,0,none,0/n/a/n/a,none,0/n/a/n/a,0,0/n/a/n/a,none,none,0,0/n/a/n/a,0,0
/Users/ufukaltinok/.local/share/cortexkit/alfonso/worktrees/c0c39eea197fcc68/bg_66c1754ec1cc2ded,prefrontal,worktree,yes,no,n/a,n/a,n/a,0,0,n/a,n/a,0,0,none,0/n/a/n/a,none,0/n/a/n/a,0,0/n/a/n/a,none,none,0,0/n/a/n/a,0,0
/Users/ufukaltinok/.local/share/cortexkit/alfonso/worktrees/c0c39eea197fcc68/bg_6baa50b2ccb437e0,prefrontal,worktree,yes,no,n/a,n/a,n/a,0,0,n/a,n/a,0,0,none,0/n/a/n/a,none,0/n/a/n/a,0,0/n/a/n/a,none,none,0,0/n/a/n/a,0,0
/Users/ufukaltinok/.local/share/cortexkit/alfonso/worktrees/c0c39eea197fcc68/bg_6becd43f6233841c,prefrontal,worktree,yes,yes,1761,.ts TypeScript=716; .rs Rust=384; .md Markdown=250,cargo:8,0,0,n/a,n/a,0,0,none,0/n/a/n/a,none,0/n/a/n/a,0,0/n/a/n/a,none,none,0,0/n/a/n/a,0,0
/Users/ufukaltinok/.local/share/cortexkit/alfonso/worktrees/c0c39eea197fcc68/bg_6cd12977626c15b5,prefrontal,worktree,yes,no,n/a,n/a,n/a,0,0,n/a,n/a,0,0,none,0/n/a/n/a,none,0/n/a/n/a,0,0/n/a/n/a,none,none,0,0/n/a/n/a,0,0
/Users/ufukaltinok/.local/share/cortexkit/alfonso/worktrees/c0c39eea197fcc68/bg_7861f46cdc81b00d,prefrontal,worktree,yes,yes,1751,.ts TypeScript=707; .rs Rust=384; .md Markdown=250,cargo:8,0,0,n/a,n/a,0,0,none,0/n/a/n/a,none,0/n/a/n/a,0,0/n/a/n/a,none,none,0,0/n/a/n/a,0,0
/Users/ufukaltinok/.local/share/cortexkit/alfonso/worktrees/c0c39eea197fcc68/bg_791af2b7,prefrontal,worktree,yes,no,n/a,n/a,n/a,0,0,n/a,n/a,0,0,none,0/n/a/n/a,none,0/n/a/n/a,0,0/n/a/n/a,none,none,0,0/n/a/n/a,0,0
/Users/ufukaltinok/.local/share/cortexkit/alfonso/worktrees/c0c39eea197fcc68/bg_7c8632e75eef3441,prefrontal,worktree,yes,yes,1764,.ts TypeScript=710; .rs Rust=387; .md Markdown=252,cargo:8,0,0,n/a,n/a,0,0,none,0/n/a/n/a,none,0/n/a/n/a,0,0/n/a/n/a,none,none,0,0/n/a/n/a,0,0
/Users/ufukaltinok/.local/share/cortexkit/alfonso/worktrees/c0c39eea197fcc68/bg_7e772cfd1fa5235d,prefrontal,worktree,yes,no,n/a,n/a,n/a,0,0,n/a,n/a,0,0,none,0/n/a/n/a,none,0/n/a/n/a,0,0/n/a/n/a,none,none,0,0/n/a/n/a,0,0
/Users/ufukaltinok/.local/share/cortexkit/alfonso/worktrees/c0c39eea197fcc68/bg_7f03d0072a5e378d,prefrontal,worktree,yes,no,n/a,n/a,n/a,0,0,n/a,n/a,0,0,none,0/n/a/n/a,none,0/n/a/n/a,0,0/n/a/n/a,none,none,0,0/n/a/n/a,0,0
/Users/ufukaltinok/.local/share/cortexkit/alfonso/worktrees/c0c39eea197fcc68/bg_7f9b436c,prefrontal,worktree,yes,no,n/a,n/a,n/a,0,0,n/a,n/a,0,0,none,0/n/a/n/a,none,0/n/a/n/a,0,0/n/a/n/a,none,none,0,0/n/a/n/a,0,0
/Users/ufukaltinok/.local/share/cortexkit/alfonso/worktrees/c0c39eea197fcc68/bg_7f9c5a2c84d56e0f,prefrontal,worktree,yes,yes,1764,.ts TypeScript=710; .rs Rust=387; .md Markdown=251,cargo:8,0,0,n/a,n/a,0,0,none,0/n/a/n/a,none,0/n/a/n/a,0,0/n/a/n/a,none,none,0,0/n/a/n/a,0,0
/Users/ufukaltinok/.local/share/cortexkit/alfonso/worktrees/c0c39eea197fcc68/bg_81914d377685bbc8,prefrontal,worktree,yes,no,n/a,n/a,n/a,0,0,n/a,n/a,0,0,none,0/n/a/n/a,none,0/n/a/n/a,0,0/n/a/n/a,none,none,0,0/n/a/n/a,0,0
/Users/ufukaltinok/.local/share/cortexkit/alfonso/worktrees/c0c39eea197fcc68/bg_82ff7858a373ac31,prefrontal,worktree,yes,no,n/a,n/a,n/a,0,0,n/a,n/a,0,0,none,0/n/a/n/a,none,0/n/a/n/a,0,0/n/a/n/a,none,none,0,0/n/a/n/a,0,0
/Users/ufukaltinok/.local/share/cortexkit/alfonso/worktrees/c0c39eea197fcc68/bg_84d9f3d379e37e64,prefrontal,worktree,yes,no,n/a,n/a,n/a,0,0,n/a,n/a,0,0,none,0/n/a/n/a,none,0/n/a/n/a,0,0/n/a/n/a,none,none,0,0/n/a/n/a,0,0
/Users/ufukaltinok/.local/share/cortexkit/alfonso/worktrees/c0c39eea197fcc68/bg_86e08e218e607cb1,prefrontal,worktree,yes,yes,1768,.ts TypeScript=710; .rs Rust=388; .md Markdown=252,cargo:8,0,0,n/a,n/a,0,0,none,0/n/a/n/a,none,0/n/a/n/a,0,0/n/a/n/a,none,none,0,0/n/a/n/a,0,0
/Users/ufukaltinok/.local/share/cortexkit/alfonso/worktrees/c0c39eea197fcc68/bg_8a740481,prefrontal,worktree,yes,no,n/a,n/a,n/a,0,0,n/a,n/a,0,0,none,0/n/a/n/a,none,0/n/a/n/a,0,0/n/a/n/a,none,none,0,0/n/a/n/a,0,0
/Users/ufukaltinok/.local/share/cortexkit/alfonso/worktrees/c0c39eea197fcc68/bg_8c7cd8192bbd5997,prefrontal,worktree,yes,no,n/a,n/a,n/a,0,0,n/a,n/a,0,0,none,0/n/a/n/a,none,0/n/a/n/a,0,0/n/a/n/a,none,none,0,0/n/a/n/a,0,0
/Users/ufukaltinok/.local/share/cortexkit/alfonso/worktrees/c0c39eea197fcc68/bg_8ca128d02fbc8a7f,prefrontal,worktree,yes,no,n/a,n/a,n/a,0,0,n/a,n/a,0,0,none,0/n/a/n/a,none,0/n/a/n/a,0,0/n/a/n/a,none,none,0,0/n/a/n/a,0,0
/Users/ufukaltinok/.local/share/cortexkit/alfonso/worktrees/c0c39eea197fcc68/bg_9329390b,prefrontal,worktree,yes,no,n/a,n/a,n/a,0,0,n/a,n/a,0,0,none,0/n/a/n/a,none,0/n/a/n/a,0,0/n/a/n/a,none,none,0,0/n/a/n/a,0,0
/Users/ufukaltinok/.local/share/cortexkit/alfonso/worktrees/c0c39eea197fcc68/bg_9ce0da8e430d2c86,prefrontal,worktree,yes,no,n/a,n/a,n/a,0,0,n/a,n/a,0,0,none,0/n/a/n/a,none,0/n/a/n/a,0,0/n/a/n/a,none,none,0,0/n/a/n/a,0,0
/Users/ufukaltinok/.local/share/cortexkit/alfonso/worktrees/c0c39eea197fcc68/bg_a15c7d1b89c8b1f1,prefrontal,worktree,yes,no,n/a,n/a,n/a,0,0,n/a,n/a,0,0,none,0/n/a/n/a,none,0/n/a/n/a,0,0/n/a/n/a,none,none,0,0/n/a/n/a,0,0
/Users/ufukaltinok/.local/share/cortexkit/alfonso/worktrees/c0c39eea197fcc68/bg_a1a7e18097f97f3f,prefrontal,worktree,yes,yes,1758,.ts TypeScript=713; .rs Rust=384; .md Markdown=250,cargo:8,0,0,n/a,n/a,0,0,none,0/n/a/n/a,none,0/n/a/n/a,0,0/n/a/n/a,none,none,0,0/n/a/n/a,0,0
/Users/ufukaltinok/.local/share/cortexkit/alfonso/worktrees/c0c39eea197fcc68/bg_a32fbb06,prefrontal,worktree,yes,no,n/a,n/a,n/a,0,0,n/a,n/a,0,0,none,0/n/a/n/a,none,0/n/a/n/a,0,0/n/a/n/a,none,none,0,0/n/a/n/a,0,0
/Users/ufukaltinok/.local/share/cortexkit/alfonso/worktrees/c0c39eea197fcc68/bg_a7040f23,prefrontal,worktree,yes,no,n/a,n/a,n/a,0,0,n/a,n/a,0,0,none,0/n/a/n/a,none,0/n/a/n/a,0,0/n/a/n/a,none,none,0,0/n/a/n/a,0,0
/Users/ufukaltinok/.local/share/cortexkit/alfonso/worktrees/c0c39eea197fcc68/bg_a78cedff,prefrontal,worktree,yes,no,n/a,n/a,n/a,0,0,n/a,n/a,0,0,none,0/n/a/n/a,none,0/n/a/n/a,0,0/n/a/n/a,none,none,0,0/n/a/n/a,0,0
/Users/ufukaltinok/.local/share/cortexkit/alfonso/worktrees/c0c39eea197fcc68/bg_a7cbb296a0ed37bc,prefrontal,worktree,yes,no,n/a,n/a,n/a,0,0,n/a,n/a,0,0,none,0/n/a/n/a,none,0/n/a/n/a,0,0/n/a/n/a,none,none,0,0/n/a/n/a,0,0
/Users/ufukaltinok/.local/share/cortexkit/alfonso/worktrees/c0c39eea197fcc68/bg_a8923731393511f0,prefrontal,worktree,yes,no,n/a,n/a,n/a,0,0,n/a,n/a,0,0,none,0/n/a/n/a,none,0/n/a/n/a,0,0/n/a/n/a,none,none,0,0/n/a/n/a,0,0
/Users/ufukaltinok/.local/share/cortexkit/alfonso/worktrees/c0c39eea197fcc68/bg_ab8d4d31c7d2d76f,prefrontal,worktree,yes,no,n/a,n/a,n/a,0,0,n/a,n/a,0,0,none,0/n/a/n/a,none,0/n/a/n/a,0,0/n/a/n/a,none,none,0,0/n/a/n/a,0,0
/Users/ufukaltinok/.local/share/cortexkit/alfonso/worktrees/c0c39eea197fcc68/bg_ad4241362e79364b,prefrontal,worktree,yes,no,n/a,n/a,n/a,0,0,n/a,n/a,0,0,none,0/n/a/n/a,none,0/n/a/n/a,0,0/n/a/n/a,none,none,0,0/n/a/n/a,0,0
/Users/ufukaltinok/.local/share/cortexkit/alfonso/worktrees/c0c39eea197fcc68/bg_afc13623,prefrontal,worktree,yes,no,n/a,n/a,n/a,0,0,n/a,n/a,0,0,none,0/n/a/n/a,none,0/n/a/n/a,0,0/n/a/n/a,none,none,0,0/n/a/n/a,0,0
/Users/ufukaltinok/.local/share/cortexkit/alfonso/worktrees/c0c39eea197fcc68/bg_b076029d3ee45fe4,prefrontal,worktree,yes,yes,1773,.ts TypeScript=710; .rs Rust=390; .md Markdown=253,cargo:8,0,0,n/a,n/a,0,0,none,0/n/a/n/a,none,0/n/a/n/a,0,0/n/a/n/a,none,none,0,0/n/a/n/a,0,0
/Users/ufukaltinok/.local/share/cortexkit/alfonso/worktrees/c0c39eea197fcc68/bg_b621cdd0abdf551b,prefrontal,worktree,yes,yes,1768,.ts TypeScript=710; .rs Rust=388; .md Markdown=252,cargo:8,0,0,n/a,n/a,0,0,none,0/n/a/n/a,none,0/n/a/n/a,0,0/n/a/n/a,none,none,0,0/n/a/n/a,0,0
/Users/ufukaltinok/.local/share/cortexkit/alfonso/worktrees/c0c39eea197fcc68/bg_b6616c09,prefrontal,worktree,yes,no,n/a,n/a,n/a,0,0,n/a,n/a,0,0,none,0/n/a/n/a,none,0/n/a/n/a,0,0/n/a/n/a,none,none,0,0/n/a/n/a,0,0
/Users/ufukaltinok/.local/share/cortexkit/alfonso/worktrees/c0c39eea197fcc68/bg_ba3a41614246a9c5,prefrontal,worktree,yes,yes,1892,.ts TypeScript=708; .rs Rust=457; .md Markdown=261,cargo:8,0,0,n/a,n/a,0,0,none,0/n/a/n/a,none,0/n/a/n/a,0,0/n/a/n/a,"bash_drain_completions:n=9,p50=248ms,p95=283ms; bash_wait_detach:n=1,p50=57ms,p95=57ms; edit:n=2,p50=56ms,p95=86ms; outline:n=2,p50=121ms,p95=205ms; read:n=3,p50=687ms,p95=816ms; search:n=11,p50=9422ms,p95=24863ms; write:n=1,p50=67ms,p95=67ms",search=5,0,0/n/a/n/a,0,0
/Users/ufukaltinok/.local/share/cortexkit/alfonso/worktrees/c0c39eea197fcc68/bg_bdcf6958,prefrontal,worktree,yes,no,n/a,n/a,n/a,0,0,n/a,n/a,0,0,none,0/n/a/n/a,none,0/n/a/n/a,0,0/n/a/n/a,none,none,0,0/n/a/n/a,0,0
/Users/ufukaltinok/.local/share/cortexkit/alfonso/worktrees/c0c39eea197fcc68/bg_becd9dda9df4fec5,prefrontal,worktree,yes,no,n/a,n/a,n/a,0,0,n/a,n/a,0,0,none,0/n/a/n/a,none,0/n/a/n/a,0,0/n/a/n/a,none,none,0,0/n/a/n/a,0,0
/Users/ufukaltinok/.local/share/cortexkit/alfonso/worktrees/c0c39eea197fcc68/bg_bf595bd4,prefrontal,worktree,yes,no,n/a,n/a,n/a,0,0,n/a,n/a,0,0,none,0/n/a/n/a,none,0/n/a/n/a,0,0/n/a/n/a,none,none,0,0/n/a/n/a,0,0
/Users/ufukaltinok/.local/share/cortexkit/alfonso/worktrees/c0c39eea197fcc68/bg_bfbe15df,prefrontal,worktree,yes,no,n/a,n/a,n/a,0,0,n/a,n/a,0,0,none,0/n/a/n/a,none,0/n/a/n/a,0,0/n/a/n/a,none,none,0,0/n/a/n/a,0,0
/Users/ufukaltinok/.local/share/cortexkit/alfonso/worktrees/c0c39eea197fcc68/bg_c10f839b5344e6be,prefrontal,worktree,yes,no,n/a,n/a,n/a,0,0,n/a,n/a,0,0,none,0/n/a/n/a,none,0/n/a/n/a,0,0/n/a/n/a,none,none,0,0/n/a/n/a,0,0
/Users/ufukaltinok/.local/share/cortexkit/alfonso/worktrees/c0c39eea197fcc68/bg_c4ff2cd551d13f7a,prefrontal,worktree,yes,yes,1778,.ts TypeScript=710; .rs Rust=390; .md Markdown=258,cargo:8,0,0,n/a,n/a,0,0,none,0/n/a/n/a,none,0/n/a/n/a,0,0/n/a/n/a,none,none,0,0/n/a/n/a,0,0
/Users/ufukaltinok/.local/share/cortexkit/alfonso/worktrees/c0c39eea197fcc68/bg_c6304c72,prefrontal,worktree,yes,no,n/a,n/a,n/a,0,0,n/a,n/a,0,0,none,0/n/a/n/a,none,0/n/a/n/a,0,0/n/a/n/a,none,none,0,0/n/a/n/a,0,0
/Users/ufukaltinok/.local/share/cortexkit/alfonso/worktrees/c0c39eea197fcc68/bg_c88f6932e394e7f6,prefrontal,worktree,yes,no,n/a,n/a,n/a,0,0,n/a,n/a,0,0,none,0/n/a/n/a,none,0/n/a/n/a,0,0/n/a/n/a,none,none,0,0/n/a/n/a,0,0
/Users/ufukaltinok/.local/share/cortexkit/alfonso/worktrees/c0c39eea197fcc68/bg_ca4c2898ebe4b827,prefrontal,worktree,yes,no,n/a,n/a,n/a,0,0,n/a,n/a,0,0,none,0/n/a/n/a,none,0/n/a/n/a,0,0/n/a/n/a,none,none,0,0/n/a/n/a,0,0
/Users/ufukaltinok/.local/share/cortexkit/alfonso/worktrees/c0c39eea197fcc68/bg_cb905e6b4ba5e799,prefrontal,worktree,yes,no,n/a,n/a,n/a,0,0,n/a,n/a,0,0,none,0/n/a/n/a,none,0/n/a/n/a,0,0/n/a/n/a,none,none,0,0/n/a/n/a,0,0
/Users/ufukaltinok/.local/share/cortexkit/alfonso/worktrees/c0c39eea197fcc68/bg_d274585ff3611408,prefrontal,worktree,yes,no,n/a,n/a,n/a,0,0,n/a,n/a,0,0,none,0/n/a/n/a,none,0/n/a/n/a,0,0/n/a/n/a,none,none,0,0/n/a/n/a,0,0
/Users/ufukaltinok/.local/share/cortexkit/alfonso/worktrees/c0c39eea197fcc68/bg_d3aeed2f,prefrontal,worktree,yes,no,n/a,n/a,n/a,0,0,n/a,n/a,0,0,none,0/n/a/n/a,none,0/n/a/n/a,0,0/n/a/n/a,none,none,0,0/n/a/n/a,0,0
/Users/ufukaltinok/.local/share/cortexkit/alfonso/worktrees/c0c39eea197fcc68/bg_d74f260bc332ea6c,prefrontal,worktree,yes,yes,1768,.ts TypeScript=710; .rs Rust=388; .md Markdown=252,cargo:8,0,0,n/a,n/a,0,0,none,0/n/a/n/a,none,0/n/a/n/a,0,0/n/a/n/a,none,none,0,0/n/a/n/a,0,0
/Users/ufukaltinok/.local/share/cortexkit/alfonso/worktrees/c0c39eea197fcc68/bg_d8787393ca51ece3,prefrontal,worktree,yes,no,n/a,n/a,n/a,0,0,n/a,n/a,0,0,none,0/n/a/n/a,none,0/n/a/n/a,0,0/n/a/n/a,none,none,0,0/n/a/n/a,0,0
/Users/ufukaltinok/.local/share/cortexkit/alfonso/worktrees/c0c39eea197fcc68/bg_db69339515f0f7b4,prefrontal,worktree,yes,no,n/a,n/a,n/a,0,0,n/a,n/a,0,0,none,0/n/a/n/a,none,0/n/a/n/a,0,0/n/a/n/a,none,none,0,0/n/a/n/a,0,0
/Users/ufukaltinok/.local/share/cortexkit/alfonso/worktrees/c0c39eea197fcc68/bg_dc1de16a75dfc1a9,prefrontal,worktree,yes,yes,1768,.ts TypeScript=710; .rs Rust=388; .md Markdown=252,cargo:8,0,0,n/a,n/a,0,0,none,0/n/a/n/a,none,0/n/a/n/a,0,0/n/a/n/a,none,none,0,0/n/a/n/a,0,0
/Users/ufukaltinok/.local/share/cortexkit/alfonso/worktrees/c0c39eea197fcc68/bg_dispatch_15b32c4179500403750ce214,prefrontal,worktree,yes,no,n/a,n/a,n/a,0,0,n/a,n/a,0,0,none,0/n/a/n/a,none,0/n/a/n/a,0,0/n/a/n/a,none,none,0,0/n/a/n/a,0,0
/Users/ufukaltinok/.local/share/cortexkit/alfonso/worktrees/c0c39eea197fcc68/bg_dispatch_17a88c59d7b7dcc5d829785a,prefrontal,worktree,yes,yes,1748,.ts TypeScript=711; .rs Rust=381; .md Markdown=250,cargo:8,0,0,n/a,n/a,0,0,none,0/n/a/n/a,none,0/n/a/n/a,0,0/n/a/n/a,none,none,0,0/n/a/n/a,0,0
/Users/ufukaltinok/.local/share/cortexkit/alfonso/worktrees/c0c39eea197fcc68/bg_dispatch_1b6d84f58eccbf509dfd2091,prefrontal,worktree,yes,yes,1778,.ts TypeScript=710; .rs Rust=395; .md Markdown=251,cargo:8,0,0,n/a,n/a,0,0,none,0/n/a/n/a,none,0/n/a/n/a,0,0/n/a/n/a,none,none,0,0/n/a/n/a,0,0
/Users/ufukaltinok/.local/share/cortexkit/alfonso/worktrees/c0c39eea197fcc68/bg_dispatch_38afbe3455ec9d4dca631f1c,prefrontal,worktree,yes,yes,1767,.ts TypeScript=710; .rs Rust=388; .md Markdown=251,cargo:8,0,0,n/a,n/a,0,0,none,0/n/a/n/a,none,0/n/a/n/a,0,0/n/a/n/a,none,none,0,0/n/a/n/a,0,0
/Users/ufukaltinok/.local/share/cortexkit/alfonso/worktrees/c0c39eea197fcc68/bg_dispatch_4761ae2eb81b5ca4bef2f984,prefrontal,worktree,yes,no,n/a,n/a,n/a,0,0,n/a,n/a,0,0,none,0/n/a/n/a,none,0/n/a/n/a,0,0/n/a/n/a,none,none,0,0/n/a/n/a,0,0
/Users/ufukaltinok/.local/share/cortexkit/alfonso/worktrees/c0c39eea197fcc68/bg_dispatch_69bf4be7c135a688d59d2b46,prefrontal,worktree,yes,no,n/a,n/a,n/a,0,0,n/a,n/a,0,0,none,0/n/a/n/a,none,0/n/a/n/a,0,0/n/a/n/a,none,none,0,0/n/a/n/a,0,0
/Users/ufukaltinok/.local/share/cortexkit/alfonso/worktrees/c0c39eea197fcc68/bg_dispatch_6f88032548fa668e7c15ed70,prefrontal,worktree,yes,no,n/a,n/a,n/a,0,0,n/a,n/a,0,0,none,0/n/a/n/a,none,0/n/a/n/a,0,0/n/a/n/a,none,none,0,0/n/a/n/a,0,0
/Users/ufukaltinok/.local/share/cortexkit/alfonso/worktrees/c0c39eea197fcc68/bg_dispatch_8140aaeb6597e51315f5ff59,prefrontal,worktree,yes,no,n/a,n/a,n/a,0,0,n/a,n/a,0,0,none,0/n/a/n/a,none,0/n/a/n/a,0,0/n/a/n/a,none,none,0,0/n/a/n/a,0,0
/Users/ufukaltinok/.local/share/cortexkit/alfonso/worktrees/c0c39eea197fcc68/bg_dispatch_9d322f166e4a168ec1a37bbf,prefrontal,worktree,yes,yes,1744,.ts TypeScript=711; .rs Rust=379; .md Markdown=250,cargo:7,0,0,n/a,n/a,0,0,none,0/n/a/n/a,none,0/n/a/n/a,0,0/n/a/n/a,none,none,0,0/n/a/n/a,0,0
/Users/ufukaltinok/.local/share/cortexkit/alfonso/worktrees/c0c39eea197fcc68/bg_dispatch_9e89ede18989316ad12d1b03,prefrontal,worktree,yes,no,n/a,n/a,n/a,0,0,n/a,n/a,0,0,none,0/n/a/n/a,none,0/n/a/n/a,0,0/n/a/n/a,none,none,0,0/n/a/n/a,0,0
/Users/ufukaltinok/.local/share/cortexkit/alfonso/worktrees/c0c39eea197fcc68/bg_dispatch_a1115c2f3b188bb8925db57b,prefrontal,worktree,yes,yes,1738,.ts TypeScript=710; .rs Rust=376; .md Markdown=250,cargo:7,0,0,n/a,n/a,0,0,none,0/n/a/n/a,none,0/n/a/n/a,0,0/n/a/n/a,none,none,0,0/n/a/n/a,0,0
/Users/ufukaltinok/.local/share/cortexkit/alfonso/worktrees/c0c39eea197fcc68/bg_dispatch_a4f5d14b2fee97fd4573d69c,prefrontal,worktree,yes,no,n/a,n/a,n/a,0,0,n/a,n/a,0,0,none,0/n/a/n/a,none,0/n/a/n/a,0,0/n/a/n/a,none,none,0,0/n/a/n/a,0,0
/Users/ufukaltinok/.local/share/cortexkit/alfonso/worktrees/c0c39eea197fcc68/bg_dispatch_a8007c40cc010a74fe4796d6,prefrontal,worktree,yes,yes,1760,.ts TypeScript=713; .rs Rust=386; .md Markdown=251,cargo:8,0,0,n/a,n/a,0,0,none,0/n/a/n/a,none,0/n/a/n/a,0,0/n/a/n/a,none,none,0,0/n/a/n/a,0,0
/Users/ufukaltinok/.local/share/cortexkit/alfonso/worktrees/c0c39eea197fcc68/bg_dispatch_b72cb0c2a0a444326bc37d71,prefrontal,worktree,yes,no,n/a,n/a,n/a,0,0,n/a,n/a,0,0,none,0/n/a/n/a,none,0/n/a/n/a,0,0/n/a/n/a,none,none,0,0/n/a/n/a,0,0
/Users/ufukaltinok/.local/share/cortexkit/alfonso/worktrees/c0c39eea197fcc68/bg_dispatch_bb77d6155f1f9c508409a9b6,prefrontal,worktree,yes,no,n/a,n/a,n/a,0,0,n/a,n/a,0,0,none,0/n/a/n/a,none,0/n/a/n/a,0,0/n/a/n/a,none,none,0,0/n/a/n/a,0,0
/Users/ufukaltinok/.local/share/cortexkit/alfonso/worktrees/c0c39eea197fcc68/bg_dispatch_be3299b04274d5d8cc196f08,prefrontal,worktree,yes,yes,1771,.ts TypeScript=710; .rs Rust=390; .md Markdown=251,cargo:8,0,0,n/a,n/a,0,0,none,0/n/a/n/a,none,0/n/a/n/a,0,0/n/a/n/a,none,none,0,0/n/a/n/a,0,0
/Users/ufukaltinok/.local/share/cortexkit/alfonso/worktrees/c0c39eea197fcc68/bg_dispatch_c6ee26442d8b3acdc004def6,prefrontal,worktree,yes,no,n/a,n/a,n/a,0,0,n/a,n/a,0,0,none,0/n/a/n/a,none,0/n/a/n/a,0,0/n/a/n/a,none,none,0,0/n/a/n/a,0,0
/Users/ufukaltinok/.local/share/cortexkit/alfonso/worktrees/c0c39eea197fcc68/bg_dispatch_d5c9b7faba8560914f8e2779,prefrontal,worktree,yes,no,n/a,n/a,n/a,0,0,n/a,n/a,0,0,none,0/n/a/n/a,none,0/n/a/n/a,0,0/n/a/n/a,none,none,0,0/n/a/n/a,0,0
/Users/ufukaltinok/.local/share/cortexkit/alfonso/worktrees/c0c39eea197fcc68/bg_dispatch_e4baf9aa6f9c87632c4331d2,prefrontal,worktree,yes,yes,1759,.ts TypeScript=713; .rs Rust=385; .md Markdown=250,cargo:8,0,0,n/a,n/a,0,0,none,0/n/a/n/a,none,0/n/a/n/a,0,0/n/a/n/a,none,none,0,0/n/a/n/a,0,0
/Users/ufukaltinok/.local/share/cortexkit/alfonso/worktrees/c0c39eea197fcc68/bg_dispatch_efe6bf5a5bf1229c5d94437c,prefrontal,worktree,yes,no,n/a,n/a,n/a,0,0,n/a,n/a,0,0,none,0/n/a/n/a,none,0/n/a/n/a,0,0/n/a/n/a,none,none,0,0/n/a/n/a,0,0
/Users/ufukaltinok/.local/share/cortexkit/alfonso/worktrees/c0c39eea197fcc68/bg_dispatch_f62f60470ce044e42a84de16,prefrontal,worktree,yes,no,n/a,n/a,n/a,0,0,n/a,n/a,0,0,none,0/n/a/n/a,none,0/n/a/n/a,0,0/n/a/n/a,none,none,0,0/n/a/n/a,0,0
/Users/ufukaltinok/.local/share/cortexkit/alfonso/worktrees/c0c39eea197fcc68/bg_dispatch_fb74c864cd72b3e5d01e6829,prefrontal,worktree,yes,no,n/a,n/a,n/a,0,0,n/a,n/a,0,0,none,0/n/a/n/a,none,0/n/a/n/a,0,0/n/a/n/a,none,none,0,0/n/a/n/a,0,0
/Users/ufukaltinok/.local/share/cortexkit/alfonso/worktrees/c0c39eea197fcc68/bg_e09d8a62d788de20,prefrontal,worktree,yes,yes,1891,.ts TypeScript=708; .rs Rust=457; .md Markdown=260,cargo:8,0,0,n/a,n/a,0,0,none,0/n/a/n/a,none,0/n/a/n/a,0,0/n/a/n/a,"bash_drain_completions:n=4,p50=183ms,p95=220ms; grep:n=2,p50=123ms,p95=519ms; outline:n=1,p50=80ms,p95=80ms; read:n=1,p50=89ms,p95=89ms; search:n=21,p50=11011ms,p95=23678ms; zoom:n=5,p50=181ms,p95=3551ms",search=12,0,0/n/a/n/a,0,0
/Users/ufukaltinok/.local/share/cortexkit/alfonso/worktrees/c0c39eea197fcc68/bg_e0d64a6979f59e89,prefrontal,worktree,yes,no,n/a,n/a,n/a,0,0,n/a,n/a,0,0,none,0/n/a/n/a,none,0/n/a/n/a,0,0/n/a/n/a,none,none,0,0/n/a/n/a,0,0
/Users/ufukaltinok/.local/share/cortexkit/alfonso/worktrees/c0c39eea197fcc68/bg_e469e4310828b233,prefrontal,worktree,yes,no,n/a,n/a,n/a,0,0,n/a,n/a,0,0,none,0/n/a/n/a,none,0/n/a/n/a,0,0/n/a/n/a,none,none,0,0/n/a/n/a,0,0
/Users/ufukaltinok/.local/share/cortexkit/alfonso/worktrees/c0c39eea197fcc68/bg_ebec14b8b8a6a879,prefrontal,worktree,yes,no,n/a,n/a,n/a,0,0,n/a,n/a,0,0,none,0/n/a/n/a,none,0/n/a/n/a,0,0/n/a/n/a,none,none,0,0/n/a/n/a,0,0
/Users/ufukaltinok/.local/share/cortexkit/alfonso/worktrees/c0c39eea197fcc68/bg_ee68b94c,prefrontal,worktree,yes,no,n/a,n/a,n/a,0,0,n/a,n/a,0,0,none,0/n/a/n/a,none,0/n/a/n/a,0,0/n/a/n/a,none,none,0,0/n/a/n/a,0,0
/Users/ufukaltinok/.local/share/cortexkit/alfonso/worktrees/c0c39eea197fcc68/bg_f0ef254107a2be68,prefrontal,worktree,yes,no,n/a,n/a,n/a,0,0,n/a,n/a,0,0,none,0/n/a/n/a,none,0/n/a/n/a,0,0/n/a/n/a,none,none,0,0/n/a/n/a,0,0
/Users/ufukaltinok/.local/share/cortexkit/alfonso/worktrees/c0c39eea197fcc68/bg_f1a9773f43458039,prefrontal,worktree,yes,no,n/a,n/a,n/a,0,0,n/a,n/a,0,0,none,0/n/a/n/a,none,0/n/a/n/a,0,0/n/a/n/a,none,none,0,0/n/a/n/a,0,0
/Users/ufukaltinok/.local/share/cortexkit/alfonso/worktrees/c0c39eea197fcc68/bg_f1f883ba3c5792e3,prefrontal,worktree,yes,no,n/a,n/a,n/a,0,0,n/a,n/a,0,0,none,0/n/a/n/a,none,0/n/a/n/a,0,0/n/a/n/a,none,none,0,0/n/a/n/a,0,0
/Users/ufukaltinok/.local/share/cortexkit/alfonso/worktrees/c0c39eea197fcc68/bg_f45357942fbe3e73,prefrontal,worktree,yes,no,n/a,n/a,n/a,0,0,n/a,n/a,0,0,none,0/n/a/n/a,none,0/n/a/n/a,0,0/n/a/n/a,none,none,0,0/n/a/n/a,0,0
/Users/ufukaltinok/.local/share/cortexkit/alfonso/worktrees/c0c39eea197fcc68/bg_f454c975cbc85f4f,prefrontal,worktree,yes,no,n/a,n/a,n/a,0,0,n/a,n/a,0,0,none,0/n/a/n/a,none,0/n/a/n/a,0,0/n/a/n/a,none,none,0,0/n/a/n/a,0,0
/Users/ufukaltinok/.local/share/cortexkit/alfonso/worktrees/c0c39eea197fcc68/bg_f5e441f3c52907e9,prefrontal,worktree,yes,yes,1763,.ts TypeScript=710; .rs Rust=387; .md Markdown=251,cargo:8,0,0,n/a,n/a,0,0,none,0/n/a/n/a,none,0/n/a/n/a,0,0/n/a/n/a,none,none,0,0/n/a/n/a,0,0
/Users/ufukaltinok/.local/share/cortexkit/alfonso/worktrees/c0c39eea197fcc68/bg_f62fd09e6f23a409,prefrontal,worktree,yes,no,n/a,n/a,n/a,0,0,n/a,n/a,0,0,none,0/n/a/n/a,none,0/n/a/n/a,0,0/n/a/n/a,none,none,0,0/n/a/n/a,0,0
/Users/ufukaltinok/.local/share/cortexkit/alfonso/worktrees/c0c39eea197fcc68/bg_f692ed17371a25a3,prefrontal,worktree,yes,no,n/a,n/a,n/a,0,0,n/a,n/a,0,0,none,0/n/a/n/a,none,0/n/a/n/a,0,0/n/a/n/a,none,none,0,0/n/a/n/a,0,0
/Users/ufukaltinok/.local/share/cortexkit/alfonso/worktrees/c0c39eea197fcc68/bg_f7924946f59402b9,prefrontal,worktree,yes,no,n/a,n/a,n/a,0,0,n/a,n/a,0,0,none,0/n/a/n/a,none,0/n/a/n/a,0,0/n/a/n/a,none,none,0,0/n/a/n/a,0,0
/Users/ufukaltinok/.local/share/cortexkit/alfonso/worktrees/c0c39eea197fcc68/pool-100,prefrontal,worktree,yes,yes,1604,.ts TypeScript=688; .rs Rust=342; .md Markdown=241,cargo:7,0,0,n/a,n/a,0,0,none,0/n/a/n/a,none,0/n/a/n/a,0,0/n/a/n/a,none,none,0,0/n/a/n/a,0,0
/Users/ufukaltinok/.local/share/cortexkit/alfonso/worktrees/c0c39eea197fcc68/pool-101,prefrontal,worktree,yes,yes,1606,.ts TypeScript=688; .rs Rust=343; .md Markdown=241,cargo:7,0,0,n/a,n/a,0,0,none,0/n/a/n/a,none,0/n/a/n/a,0,0/n/a/n/a,none,none,0,0/n/a/n/a,0,0
/Users/ufukaltinok/.local/share/cortexkit/alfonso/worktrees/c0c39eea197fcc68/pool-102,prefrontal,worktree,yes,yes,1607,.ts TypeScript=689; .rs Rust=343; .md Markdown=241,cargo:7,0,0,n/a,n/a,0,0,none,0/n/a/n/a,none,0/n/a/n/a,0,0/n/a/n/a,none,none,0,0/n/a/n/a,0,0
/Users/ufukaltinok/.local/share/cortexkit/alfonso/worktrees/c0c39eea197fcc68/pool-103,prefrontal,worktree,yes,yes,1607,.ts TypeScript=689; .rs Rust=343; .md Markdown=241,cargo:7,0,0,n/a,n/a,0,0,none,0/n/a/n/a,none,0/n/a/n/a,0,0/n/a/n/a,none,none,0,0/n/a/n/a,0,0
/Users/ufukaltinok/.local/share/cortexkit/alfonso/worktrees/c0c39eea197fcc68/pool-104,prefrontal,worktree,yes,yes,1608,.ts TypeScript=689; .rs Rust=343; .md Markdown=241,cargo:7,0,0,n/a,n/a,0,0,none,0/n/a/n/a,none,0/n/a/n/a,0,0/n/a/n/a,none,none,0,0/n/a/n/a,0,0
/Users/ufukaltinok/.local/share/cortexkit/alfonso/worktrees/c0c39eea197fcc68/pool-105,prefrontal,worktree,yes,yes,1609,.ts TypeScript=689; .rs Rust=343; .md Markdown=241,cargo:7,0,0,n/a,n/a,0,0,none,0/n/a/n/a,none,0/n/a/n/a,0,0/n/a/n/a,none,none,0,0/n/a/n/a,0,0
/Users/ufukaltinok/.local/share/cortexkit/alfonso/worktrees/c0c39eea197fcc68/pool-106,prefrontal,worktree,yes,yes,1611,.ts TypeScript=689; .rs Rust=343; .md Markdown=241,cargo:7,0,0,n/a,n/a,0,0,none,0/n/a/n/a,none,0/n/a/n/a,0,0/n/a/n/a,none,none,0,0/n/a/n/a,0,0
/Users/ufukaltinok/.local/share/cortexkit/alfonso/worktrees/c0c39eea197fcc68/pool-107,prefrontal,worktree,yes,yes,1611,.ts TypeScript=689; .rs Rust=343; .md Markdown=241,cargo:7,0,0,n/a,n/a,0,0,none,0/n/a/n/a,none,0/n/a/n/a,0,0/n/a/n/a,none,none,0,0/n/a/n/a,0,0
/Users/ufukaltinok/.local/share/cortexkit/alfonso/worktrees/c0c39eea197fcc68/pool-108,prefrontal,worktree,yes,yes,1612,.ts TypeScript=689; .rs Rust=343; .md Markdown=241,cargo:7,0,0,n/a,n/a,0,0,none,0/n/a/n/a,none,0/n/a/n/a,0,0/n/a/n/a,none,none,0,0/n/a/n/a,0,0
/Users/ufukaltinok/.local/share/cortexkit/alfonso/worktrees/c0c39eea197fcc68/pool-109,prefrontal,worktree,yes,yes,1616,.ts TypeScript=692; .rs Rust=343; .md Markdown=241,cargo:7,0,0,n/a,n/a,0,0,none,0/n/a/n/a,none,0/n/a/n/a,0,0/n/a/n/a,none,none,0,0/n/a/n/a,0,0
/Users/ufukaltinok/.local/share/cortexkit/alfonso/worktrees/c0c39eea197fcc68/pool-110,prefrontal,worktree,yes,yes,1614,.ts TypeScript=691; .rs Rust=343; .md Markdown=241,cargo:7,0,0,n/a,n/a,0,0,none,0/n/a/n/a,none,0/n/a/n/a,0,0/n/a/n/a,none,none,0,0/n/a/n/a,0,0
/Users/ufukaltinok/.local/share/cortexkit/alfonso/worktrees/c0c39eea197fcc68/pool-111,prefrontal,worktree,yes,yes,1612,.ts TypeScript=689; .rs Rust=343; .md Markdown=241,cargo:7,0,0,n/a,n/a,0,0,none,0/n/a/n/a,none,0/n/a/n/a,0,0/n/a/n/a,none,none,0,0/n/a/n/a,0,0
/Users/ufukaltinok/.local/share/cortexkit/alfonso/worktrees/c0c39eea197fcc68/pool-112,prefrontal,worktree,yes,yes,1618,.ts TypeScript=694; .rs Rust=343; .md Markdown=241,cargo:7,0,0,n/a,n/a,0,0,none,0/n/a/n/a,none,0/n/a/n/a,0,0/n/a/n/a,none,none,0,0/n/a/n/a,0,0
/Users/ufukaltinok/.local/share/cortexkit/alfonso/worktrees/c0c39eea197fcc68/pool-113,prefrontal,worktree,yes,yes,1621,.ts TypeScript=694; .rs Rust=345; .md Markdown=241,cargo:7,0,0,n/a,n/a,0,0,none,0/n/a/n/a,none,0/n/a/n/a,0,0/n/a/n/a,none,none,0,0/n/a/n/a,0,0
/Users/ufukaltinok/.local/share/cortexkit/alfonso/worktrees/c0c39eea197fcc68/pool-30,prefrontal,worktree,yes,yes,1488,.ts TypeScript=665; .rs Rust=311; .md Markdown=238,cargo:7,0,0,n/a,n/a,0,0,none,0/n/a/n/a,none,0/n/a/n/a,0,0/n/a/n/a,none,none,0,0/n/a/n/a,0,0
/Users/ufukaltinok/.local/share/cortexkit/alfonso/worktrees/c0c39eea197fcc68/pool-31,prefrontal,worktree,yes,yes,1488,.ts TypeScript=665; .rs Rust=311; .md Markdown=238,cargo:7,0,0,n/a,n/a,0,0,none,0/n/a/n/a,none,0/n/a/n/a,0,0/n/a/n/a,none,none,0,0/n/a/n/a,0,0
/Users/ufukaltinok/.local/share/cortexkit/alfonso/worktrees/c0c39eea197fcc68/pool-32,prefrontal,worktree,yes,yes,1488,.ts TypeScript=665; .rs Rust=311; .md Markdown=238,cargo:7,0,0,n/a,n/a,0,0,none,0/n/a/n/a,none,0/n/a/n/a,0,0/n/a/n/a,none,none,0,0/n/a/n/a,0,0
/Users/ufukaltinok/.local/share/cortexkit/alfonso/worktrees/c0c39eea197fcc68/pool-33,prefrontal,worktree,yes,yes,1502,.ts TypeScript=665; .rs Rust=311; .md Markdown=238,cargo:7,0,0,n/a,n/a,0,0,none,0/n/a/n/a,none,0/n/a/n/a,0,0/n/a/n/a,none,none,0,0/n/a/n/a,0,0
/Users/ufukaltinok/.local/share/cortexkit/alfonso/worktrees/c0c39eea197fcc68/pool-34,prefrontal,worktree,yes,yes,1503,.ts TypeScript=665; .rs Rust=311; .md Markdown=238,cargo:7,0,0,n/a,n/a,0,0,none,0/n/a/n/a,none,0/n/a/n/a,0,0/n/a/n/a,none,none,0,0/n/a/n/a,0,0
/Users/ufukaltinok/.local/share/cortexkit/alfonso/worktrees/c0c39eea197fcc68/pool-35,prefrontal,worktree,yes,yes,1510,.ts TypeScript=665; .rs Rust=311; .md Markdown=238,cargo:7,0,0,n/a,n/a,0,0,none,0/n/a/n/a,none,0/n/a/n/a,0,0/n/a/n/a,none,none,0,0/n/a/n/a,0,0
/Users/ufukaltinok/.local/share/cortexkit/alfonso/worktrees/c0c39eea197fcc68/pool-36,prefrontal,worktree,yes,yes,1511,.ts TypeScript=665; .rs Rust=312; .md Markdown=238,cargo:7,0,0,n/a,n/a,0,0,none,0/n/a/n/a,none,0/n/a/n/a,0,0/n/a/n/a,none,none,0,0/n/a/n/a,0,0
/Users/ufukaltinok/.local/share/cortexkit/alfonso/worktrees/c0c39eea197fcc68/pool-37,prefrontal,worktree,yes,yes,1511,.ts TypeScript=665; .rs Rust=312; .md Markdown=238,cargo:7,0,0,n/a,n/a,0,0,none,0/n/a/n/a,none,0/n/a/n/a,0,0/n/a/n/a,none,none,0,0/n/a/n/a,0,0
/Users/ufukaltinok/.local/share/cortexkit/alfonso/worktrees/c0c39eea197fcc68/pool-38,prefrontal,worktree,yes,yes,1511,.ts TypeScript=665; .rs Rust=312; .md Markdown=238,cargo:7,0,0,n/a,n/a,0,0,none,0/n/a/n/a,none,0/n/a/n/a,0,0/n/a/n/a,none,none,0,0/n/a/n/a,0,0
/Users/ufukaltinok/.local/share/cortexkit/alfonso/worktrees/c0c39eea197fcc68/pool-39,prefrontal,worktree,yes,yes,1513,.ts TypeScript=665; .rs Rust=314; .md Markdown=238,cargo:7,0,0,n/a,n/a,0,0,none,0/n/a/n/a,none,0/n/a/n/a,0,0/n/a/n/a,none,none,0,0/n/a/n/a,0,0
/Users/ufukaltinok/.local/share/cortexkit/alfonso/worktrees/c0c39eea197fcc68/pool-40,prefrontal,worktree,yes,yes,1515,.ts TypeScript=667; .rs Rust=314; .md Markdown=238,cargo:7,0,0,n/a,n/a,0,0,none,0/n/a/n/a,none,0/n/a/n/a,0,0/n/a/n/a,none,none,0,0/n/a/n/a,0,0
/Users/ufukaltinok/.local/share/cortexkit/alfonso/worktrees/c0c39eea197fcc68/pool-41,prefrontal,worktree,yes,yes,1516,.ts TypeScript=667; .rs Rust=314; .md Markdown=239,cargo:7,0,0,n/a,n/a,0,0,none,0/n/a/n/a,none,0/n/a/n/a,0,0/n/a/n/a,none,none,0,0/n/a/n/a,0,0
/Users/ufukaltinok/.local/share/cortexkit/alfonso/worktrees/c0c39eea197fcc68/pool-42,prefrontal,worktree,yes,yes,1516,.ts TypeScript=667; .rs Rust=314; .md Markdown=239,cargo:7,0,0,n/a,n/a,0,0,none,0/n/a/n/a,none,0/n/a/n/a,0,0/n/a/n/a,none,none,0,0/n/a/n/a,0,0
/Users/ufukaltinok/.local/share/cortexkit/alfonso/worktrees/c0c39eea197fcc68/pool-43,prefrontal,worktree,yes,yes,1516,.ts TypeScript=667; .rs Rust=315; .md Markdown=238,cargo:7,0,0,n/a,n/a,0,0,none,0/n/a/n/a,none,0/n/a/n/a,0,0/n/a/n/a,none,none,0,0/n/a/n/a,0,0
/Users/ufukaltinok/.local/share/cortexkit/alfonso/worktrees/c0c39eea197fcc68/pool-44,prefrontal,worktree,yes,yes,1515,.ts TypeScript=667; .rs Rust=314; .md Markdown=238,cargo:7,0,0,n/a,n/a,0,0,none,0/n/a/n/a,none,0/n/a/n/a,0,0/n/a/n/a,none,none,0,0/n/a/n/a,0,0
/Users/ufukaltinok/.local/share/cortexkit/alfonso/worktrees/c0c39eea197fcc68/pool-45,prefrontal,worktree,yes,yes,1516,.ts TypeScript=667; .rs Rust=315; .md Markdown=238,cargo:7,0,0,n/a,n/a,0,0,none,0/n/a/n/a,none,0/n/a/n/a,0,0/n/a/n/a,none,none,0,0/n/a/n/a,0,0
/Users/ufukaltinok/.local/share/cortexkit/alfonso/worktrees/c0c39eea197fcc68/pool-46,prefrontal,worktree,yes,yes,1521,.ts TypeScript=668; .rs Rust=318; .md Markdown=238,cargo:7,0,0,n/a,n/a,0,0,none,0/n/a/n/a,none,0/n/a/n/a,0,0/n/a/n/a,none,none,0,0/n/a/n/a,0,0
/Users/ufukaltinok/.local/share/cortexkit/alfonso/worktrees/c0c39eea197fcc68/pool-47,prefrontal,worktree,yes,yes,1521,.ts TypeScript=666; .rs Rust=319; .md Markdown=238,cargo:7,0,0,n/a,n/a,0,0,none,0/n/a/n/a,none,0/n/a/n/a,0,0/n/a/n/a,none,none,0,0/n/a/n/a,0,0
/Users/ufukaltinok/.local/share/cortexkit/alfonso/worktrees/c0c39eea197fcc68/pool-48,prefrontal,worktree,yes,yes,1522,.ts TypeScript=666; .rs Rust=320; .md Markdown=238,cargo:7,0,0,n/a,n/a,0,0,none,0/n/a/n/a,none,0/n/a/n/a,0,0/n/a/n/a,none,none,0,0/n/a/n/a,0,0
/Users/ufukaltinok/.local/share/cortexkit/alfonso/worktrees/c0c39eea197fcc68/pool-49,prefrontal,worktree,yes,yes,1526,.ts TypeScript=667; .rs Rust=322; .md Markdown=238,cargo:7,0,0,n/a,n/a,0,0,none,0/n/a/n/a,none,0/n/a/n/a,0,0/n/a/n/a,none,none,0,0/n/a/n/a,0,0
/Users/ufukaltinok/.local/share/cortexkit/alfonso/worktrees/c0c39eea197fcc68/pool-50,prefrontal,worktree,yes,yes,1529,.ts TypeScript=667; .rs Rust=325; .md Markdown=238,cargo:7,0,0,n/a,n/a,0,0,none,0/n/a/n/a,none,0/n/a/n/a,0,0/n/a/n/a,none,none,0,0/n/a/n/a,0,0
/Users/ufukaltinok/.local/share/cortexkit/alfonso/worktrees/c0c39eea197fcc68/pool-51,prefrontal,worktree,yes,yes,1529,.ts TypeScript=667; .rs Rust=325; .md Markdown=238,cargo:7,0,0,n/a,n/a,0,0,none,0/n/a/n/a,none,0/n/a/n/a,0,0/n/a/n/a,none,none,0,0/n/a/n/a,0,0
/Users/ufukaltinok/.local/share/cortexkit/alfonso/worktrees/c0c39eea197fcc68/pool-52,prefrontal,worktree,yes,yes,1533,.ts TypeScript=667; .rs Rust=325; .md Markdown=238,cargo:7,0,0,n/a,n/a,0,0,none,0/n/a/n/a,none,0/n/a/n/a,0,0/n/a/n/a,none,none,0,0/n/a/n/a,0,0
/Users/ufukaltinok/.local/share/cortexkit/alfonso/worktrees/c0c39eea197fcc68/pool-53,prefrontal,worktree,yes,yes,1531,.ts TypeScript=667; .rs Rust=326; .md Markdown=238,cargo:7,0,0,n/a,n/a,0,0,none,0/n/a/n/a,none,0/n/a/n/a,0,0/n/a/n/a,none,none,0,0/n/a/n/a,0,0
/Users/ufukaltinok/.local/share/cortexkit/alfonso/worktrees/c0c39eea197fcc68/pool-54,prefrontal,worktree,yes,yes,1536,.ts TypeScript=667; .rs Rust=326; .md Markdown=238,cargo:7,0,0,n/a,n/a,0,0,none,0/n/a/n/a,none,0/n/a/n/a,0,0/n/a/n/a,none,none,0,0/n/a/n/a,0,0
/Users/ufukaltinok/.local/share/cortexkit/alfonso/worktrees/c0c39eea197fcc68/pool-55,prefrontal,worktree,yes,yes,1539,.ts TypeScript=667; .rs Rust=327; .md Markdown=238,cargo:7,0,0,n/a,n/a,0,0,none,0/n/a/n/a,none,0/n/a/n/a,0,0/n/a/n/a,none,none,0,0/n/a/n/a,0,0
/Users/ufukaltinok/.local/share/cortexkit/alfonso/worktrees/c0c39eea197fcc68/pool-57,prefrontal,worktree,yes,yes,1541,.ts TypeScript=668; .rs Rust=327; .md Markdown=238,cargo:7,0,0,n/a,n/a,0,0,none,0/n/a/n/a,none,0/n/a/n/a,0,0/n/a/n/a,none,none,0,0/n/a/n/a,0,0
/Users/ufukaltinok/.local/share/cortexkit/alfonso/worktrees/c0c39eea197fcc68/pool-58,prefrontal,worktree,yes,yes,1544,.ts TypeScript=671; .rs Rust=327; .md Markdown=238,cargo:7,0,0,n/a,n/a,0,0,none,0/n/a/n/a,none,0/n/a/n/a,0,0/n/a/n/a,none,none,0,0/n/a/n/a,0,0
/Users/ufukaltinok/.local/share/cortexkit/alfonso/worktrees/c0c39eea197fcc68/pool-60,prefrontal,worktree,yes,yes,1550,.ts TypeScript=674; .rs Rust=328; .md Markdown=238,cargo:7,0,0,n/a,n/a,0,0,none,0/n/a/n/a,none,0/n/a/n/a,0,0/n/a/n/a,none,none,0,0/n/a/n/a,0,0
/Users/ufukaltinok/.local/share/cortexkit/alfonso/worktrees/c0c39eea197fcc68/pool-61,prefrontal,worktree,yes,yes,1552,.ts TypeScript=674; .rs Rust=329; .md Markdown=239,cargo:7,0,0,n/a,n/a,0,0,none,0/n/a/n/a,none,0/n/a/n/a,0,0/n/a/n/a,none,none,0,0/n/a/n/a,0,0
/Users/ufukaltinok/.local/share/cortexkit/alfonso/worktrees/c0c39eea197fcc68/pool-62,prefrontal,worktree,yes,yes,1554,.ts TypeScript=676; .rs Rust=329; .md Markdown=239,cargo:7,0,0,n/a,n/a,0,0,none,0/n/a/n/a,none,0/n/a/n/a,0,0/n/a/n/a,none,none,0,0/n/a/n/a,0,0
/Users/ufukaltinok/.local/share/cortexkit/alfonso/worktrees/c0c39eea197fcc68/pool-63,prefrontal,worktree,yes,yes,1552,.ts TypeScript=674; .rs Rust=329; .md Markdown=239,cargo:7,0,0,n/a,n/a,0,0,none,0/n/a/n/a,none,0/n/a/n/a,0,0/n/a/n/a,none,none,0,0/n/a/n/a,0,0
/Users/ufukaltinok/.local/share/cortexkit/alfonso/worktrees/c0c39eea197fcc68/pool-64,prefrontal,worktree,yes,yes,1554,.ts TypeScript=676; .rs Rust=329; .md Markdown=239,cargo:7,0,0,n/a,n/a,0,0,none,0/n/a/n/a,none,0/n/a/n/a,0,0/n/a/n/a,none,none,0,0/n/a/n/a,0,0
/Users/ufukaltinok/.local/share/cortexkit/alfonso/worktrees/c0c39eea197fcc68/pool-65,prefrontal,worktree,yes,yes,1555,.ts TypeScript=676; .rs Rust=330; .md Markdown=239,cargo:7,0,0,n/a,n/a,0,0,none,0/n/a/n/a,none,0/n/a/n/a,0,0/n/a/n/a,none,none,0,0/n/a/n/a,0,0
/Users/ufukaltinok/.local/share/cortexkit/alfonso/worktrees/c0c39eea197fcc68/pool-66,prefrontal,worktree,yes,yes,1552,.ts TypeScript=674; .rs Rust=329; .md Markdown=239,cargo:7,0,0,n/a,n/a,0,0,none,0/n/a/n/a,none,0/n/a/n/a,0,0/n/a/n/a,none,none,0,0/n/a/n/a,0,0
/Users/ufukaltinok/.local/share/cortexkit/alfonso/worktrees/c0c39eea197fcc68/pool-67,prefrontal,worktree,yes,yes,1553,.ts TypeScript=674; .rs Rust=330; .md Markdown=239,cargo:7,0,0,n/a,n/a,0,0,none,0/n/a/n/a,none,0/n/a/n/a,0,0/n/a/n/a,none,none,0,0/n/a/n/a,0,0
/Users/ufukaltinok/.local/share/cortexkit/alfonso/worktrees/c0c39eea197fcc68/pool-68,prefrontal,worktree,yes,yes,1553,.ts TypeScript=674; .rs Rust=330; .md Markdown=239,cargo:7,0,0,n/a,n/a,0,0,none,0/n/a/n/a,none,0/n/a/n/a,0,0/n/a/n/a,none,none,0,0/n/a/n/a,0,0
/Users/ufukaltinok/.local/share/cortexkit/alfonso/worktrees/c0c39eea197fcc68/pool-69,prefrontal,worktree,yes,yes,1554,.ts TypeScript=674; .rs Rust=330; .md Markdown=239,cargo:7,0,0,n/a,n/a,0,0,none,0/n/a/n/a,none,0/n/a/n/a,0,0/n/a/n/a,none,none,0,0/n/a/n/a,0,0
/Users/ufukaltinok/.local/share/cortexkit/alfonso/worktrees/c0c39eea197fcc68/pool-70,prefrontal,worktree,yes,yes,1554,.ts TypeScript=674; .rs Rust=330; .md Markdown=239,cargo:7,0,0,n/a,n/a,0,0,none,0/n/a/n/a,none,0/n/a/n/a,0,0/n/a/n/a,none,none,0,0/n/a/n/a,0,0
/Users/ufukaltinok/.local/share/cortexkit/alfonso/worktrees/c0c39eea197fcc68/pool-71,prefrontal,worktree,yes,yes,1557,.ts TypeScript=674; .rs Rust=332; .md Markdown=239,cargo:7,0,0,n/a,n/a,0,0,none,0/n/a/n/a,none,0/n/a/n/a,0,0/n/a/n/a,none,none,0,0/n/a/n/a,0,0
/Users/ufukaltinok/.local/share/cortexkit/alfonso/worktrees/c0c39eea197fcc68/pool-72,prefrontal,worktree,yes,yes,1560,.ts TypeScript=674; .rs Rust=334; .md Markdown=239,cargo:7,0,0,n/a,n/a,0,0,none,0/n/a/n/a,none,0/n/a/n/a,0,0/n/a/n/a,none,none,0,0/n/a/n/a,0,0
/Users/ufukaltinok/.local/share/cortexkit/alfonso/worktrees/c0c39eea197fcc68/pool-73,prefrontal,worktree,yes,yes,1563,.ts TypeScript=674; .rs Rust=336; .md Markdown=239,cargo:7,0,0,n/a,n/a,0,0,none,0/n/a/n/a,none,0/n/a/n/a,0,0/n/a/n/a,none,none,0,0/n/a/n/a,0,0
/Users/ufukaltinok/.local/share/cortexkit/alfonso/worktrees/c0c39eea197fcc68/pool-74,prefrontal,worktree,yes,yes,1563,.ts TypeScript=674; .rs Rust=336; .md Markdown=239,cargo:7,0,0,n/a,n/a,0,0,none,0/n/a/n/a,none,0/n/a/n/a,0,0/n/a/n/a,none,none,0,0/n/a/n/a,0,0
/Users/ufukaltinok/.local/share/cortexkit/alfonso/worktrees/c0c39eea197fcc68/pool-75,prefrontal,worktree,yes,yes,1579,.ts TypeScript=684; .rs Rust=336; .md Markdown=240,cargo:7,0,0,n/a,n/a,0,0,none,0/n/a/n/a,none,0/n/a/n/a,0,0/n/a/n/a,none,none,0,0/n/a/n/a,0,0
/Users/ufukaltinok/.local/share/cortexkit/alfonso/worktrees/c0c39eea197fcc68/pool-76,prefrontal,worktree,yes,yes,1580,.ts TypeScript=684; .rs Rust=336; .md Markdown=240,cargo:7,0,0,n/a,n/a,0,0,none,0/n/a/n/a,none,0/n/a/n/a,0,0/n/a/n/a,none,none,0,0/n/a/n/a,0,0
/Users/ufukaltinok/.local/share/cortexkit/alfonso/worktrees/c0c39eea197fcc68/pool-77,prefrontal,worktree,yes,yes,1583,.ts TypeScript=686; .rs Rust=336; .md Markdown=241,cargo:7,0,0,n/a,n/a,0,0,none,0/n/a/n/a,none,0/n/a/n/a,0,0/n/a/n/a,none,none,0,0/n/a/n/a,0,0
/Users/ufukaltinok/.local/share/cortexkit/alfonso/worktrees/c0c39eea197fcc68/pool-78,prefrontal,worktree,yes,yes,1585,.ts TypeScript=687; .rs Rust=336; .md Markdown=241,cargo:7,0,0,n/a,n/a,0,0,none,0/n/a/n/a,none,0/n/a/n/a,0,0/n/a/n/a,none,none,0,0/n/a/n/a,0,0
/Users/ufukaltinok/.local/share/cortexkit/alfonso/worktrees/c0c39eea197fcc68/pool-81,prefrontal,worktree,yes,yes,1588,.ts TypeScript=687; .rs Rust=337; .md Markdown=241,cargo:7,0,0,n/a,n/a,0,0,none,0/n/a/n/a,none,0/n/a/n/a,0,0/n/a/n/a,none,none,0,0/n/a/n/a,0,0
/Users/ufukaltinok/.local/share/cortexkit/alfonso/worktrees/c0c39eea197fcc68/pool-82,prefrontal,worktree,yes,yes,1590,.ts TypeScript=687; .rs Rust=337; .md Markdown=241,cargo:7,0,0,n/a,n/a,0,0,none,0/n/a/n/a,none,0/n/a/n/a,0,0/n/a/n/a,none,none,0,0/n/a/n/a,0,0
/Users/ufukaltinok/.local/share/cortexkit/alfonso/worktrees/c0c39eea197fcc68/pool-83,prefrontal,worktree,yes,yes,1591,.ts TypeScript=687; .rs Rust=338; .md Markdown=241,cargo:7,0,0,n/a,n/a,0,0,none,0/n/a/n/a,none,0/n/a/n/a,0,0/n/a/n/a,none,none,0,0/n/a/n/a,0,0
/Users/ufukaltinok/.local/share/cortexkit/alfonso/worktrees/c0c39eea197fcc68/pool-85,prefrontal,worktree,yes,yes,1593,.ts TypeScript=687; .rs Rust=338; .md Markdown=241,cargo:7,0,0,n/a,n/a,0,0,none,0/n/a/n/a,none,0/n/a/n/a,0,0/n/a/n/a,none,none,0,0/n/a/n/a,0,0
/Users/ufukaltinok/.local/share/cortexkit/alfonso/worktrees/c0c39eea197fcc68/pool-86,prefrontal,worktree,yes,yes,1594,.ts TypeScript=687; .rs Rust=338; .md Markdown=241,cargo:7,0,0,n/a,n/a,0,0,none,0/n/a/n/a,none,0/n/a/n/a,0,0/n/a/n/a,none,none,0,0/n/a/n/a,0,0
/Users/ufukaltinok/.local/share/cortexkit/alfonso/worktrees/c0c39eea197fcc68/pool-87,prefrontal,worktree,yes,yes,1597,.ts TypeScript=687; .rs Rust=340; .md Markdown=241,cargo:7,0,0,n/a,n/a,0,0,none,0/n/a/n/a,none,0/n/a/n/a,0,0/n/a/n/a,none,none,0,0/n/a/n/a,0,0
/Users/ufukaltinok/.local/share/cortexkit/alfonso/worktrees/c0c39eea197fcc68/pool-88,prefrontal,worktree,yes,yes,1594,.ts TypeScript=687; .rs Rust=338; .md Markdown=241,cargo:7,0,0,n/a,n/a,0,0,none,0/n/a/n/a,none,0/n/a/n/a,0,0/n/a/n/a,none,none,0,0/n/a/n/a,0,0
/Users/ufukaltinok/.local/share/cortexkit/alfonso/worktrees/c0c39eea197fcc68/pool-89,prefrontal,worktree,yes,yes,1598,.ts TypeScript=687; .rs Rust=340; .md Markdown=241,cargo:7,0,0,n/a,n/a,0,0,none,0/n/a/n/a,none,0/n/a/n/a,0,0/n/a/n/a,none,none,0,0/n/a/n/a,0,0
/Users/ufukaltinok/.local/share/cortexkit/alfonso/worktrees/c0c39eea197fcc68/pool-91,prefrontal,worktree,yes,yes,1599,.ts TypeScript=687; .rs Rust=340; .md Markdown=241,cargo:7,0,0,n/a,n/a,0,0,none,0/n/a/n/a,none,0/n/a/n/a,0,0/n/a/n/a,none,none,0,0/n/a/n/a,0,0
/Users/ufukaltinok/.local/share/cortexkit/alfonso/worktrees/c0c39eea197fcc68/pool-92,prefrontal,worktree,yes,yes,1600,.ts TypeScript=687; .rs Rust=341; .md Markdown=241,cargo:7,0,0,n/a,n/a,0,0,none,0/n/a/n/a,none,0/n/a/n/a,0,0/n/a/n/a,none,none,0,0/n/a/n/a,0,0
/Users/ufukaltinok/.local/share/cortexkit/alfonso/worktrees/c0c39eea197fcc68/pool-94,prefrontal,worktree,yes,yes,1600,.ts TypeScript=687; .rs Rust=341; .md Markdown=241,cargo:7,0,0,n/a,n/a,0,0,none,0/n/a/n/a,none,0/n/a/n/a,0,0/n/a/n/a,none,none,0,0/n/a/n/a,0,0
/Users/ufukaltinok/.local/share/cortexkit/alfonso/worktrees/c0c39eea197fcc68/pool-95,prefrontal,worktree,yes,yes,1600,.ts TypeScript=687; .rs Rust=341; .md Markdown=241,cargo:7,0,0,n/a,n/a,0,0,none,0/n/a/n/a,none,0/n/a/n/a,0,0/n/a/n/a,none,none,0,0/n/a/n/a,0,0
/Users/ufukaltinok/.local/share/cortexkit/alfonso/worktrees/c0c39eea197fcc68/pool-96,prefrontal,worktree,yes,yes,1600,.ts TypeScript=687; .rs Rust=341; .md Markdown=241,cargo:7,0,0,n/a,n/a,0,0,none,0/n/a/n/a,none,0/n/a/n/a,0,0/n/a/n/a,none,none,0,0/n/a/n/a,0,0
/Users/ufukaltinok/.local/share/cortexkit/alfonso/worktrees/c0c39eea197fcc68/pool-97,prefrontal,worktree,yes,yes,1601,.ts TypeScript=687; .rs Rust=341; .md Markdown=241,cargo:7,0,0,n/a,n/a,0,0,none,0/n/a/n/a,none,0/n/a/n/a,0,0/n/a/n/a,none,none,0,0/n/a/n/a,0,0
/Users/ufukaltinok/.local/share/cortexkit/alfonso/worktrees/c0c39eea197fcc68/pool-98,prefrontal,worktree,yes,yes,1604,.ts TypeScript=688; .rs Rust=342; .md Markdown=241,cargo:7,0,0,n/a,n/a,0,0,none,0/n/a/n/a,none,0/n/a/n/a,0,0/n/a/n/a,none,none,0,0/n/a/n/a,0,0
/Users/ufukaltinok/.local/share/cortexkit/alfonso/worktrees/c0c39eea197fcc68/pool-99,prefrontal,worktree,yes,yes,1604,.ts TypeScript=688; .rs Rust=342; .md Markdown=241,cargo:7,0,0,n/a,n/a,0,0,none,0/n/a/n/a,none,0/n/a/n/a,0,0/n/a/n/a,none,none,0,0/n/a/n/a,0,0
/Users/ufukaltinok/.local/share/cortexkit/alfonso/worktrees/cb089079df9ef51b/bg_05bc439a70563227,subconscious,worktree,yes,no,n/a,n/a,n/a,0,0,n/a,n/a,0,0,none,0/n/a/n/a,none,0/n/a/n/a,0,0/n/a/n/a,none,none,0,0/n/a/n/a,0,0
/Users/ufukaltinok/.local/share/cortexkit/alfonso/worktrees/cb089079df9ef51b/bg_0a3e25d65323b558,subconscious,worktree,yes,no,n/a,n/a,n/a,0,0,n/a,n/a,0,0,none,0/n/a/n/a,none,0/n/a/n/a,0,0/n/a/n/a,none,none,0,0/n/a/n/a,0,0
/Users/ufukaltinok/.local/share/cortexkit/alfonso/worktrees/cb089079df9ef51b/bg_0db7df479f3c3569,subconscious,worktree,yes,no,n/a,n/a,n/a,0,0,n/a,n/a,0,0,none,0/n/a/n/a,none,0/n/a/n/a,0,0/n/a/n/a,none,none,0,0/n/a/n/a,0,0
/Users/ufukaltinok/.local/share/cortexkit/alfonso/worktrees/cb089079df9ef51b/bg_56578339e8d7ec53,subconscious,worktree,yes,no,n/a,n/a,n/a,0,0,n/a,n/a,0,0,none,0/n/a/n/a,none,0/n/a/n/a,0,0/n/a/n/a,none,none,0,0/n/a/n/a,0,0
/Users/ufukaltinok/.local/share/cortexkit/alfonso/worktrees/cb089079df9ef51b/bg_60406b171642a9f7,subconscious,worktree,yes,no,n/a,n/a,n/a,0,0,n/a,n/a,0,0,none,0/n/a/n/a,none,0/n/a/n/a,0,0/n/a/n/a,none,none,0,0/n/a/n/a,0,0
/Users/ufukaltinok/.local/share/cortexkit/alfonso/worktrees/cb089079df9ef51b/bg_66e7d5dcc3ee5916,subconscious,worktree,yes,no,n/a,n/a,n/a,0,0,n/a,n/a,0,0,none,0/n/a/n/a,none,0/n/a/n/a,0,0/n/a/n/a,none,none,0,0/n/a/n/a,0,0
/Users/ufukaltinok/.local/share/cortexkit/alfonso/worktrees/cb089079df9ef51b/bg_6cd47ea6b1a34613,subconscious,worktree,yes,no,n/a,n/a,n/a,0,0,n/a,n/a,0,0,none,0/n/a/n/a,none,0/n/a/n/a,0,0/n/a/n/a,none,none,0,0/n/a/n/a,0,0
/Users/ufukaltinok/.local/share/cortexkit/alfonso/worktrees/cb089079df9ef51b/bg_6e0bea319daa04c5,subconscious,worktree,yes,no,n/a,n/a,n/a,0,0,n/a,n/a,0,0,none,0/n/a/n/a,none,0/n/a/n/a,0,0/n/a/n/a,none,none,0,0/n/a/n/a,0,0
/Users/ufukaltinok/.local/share/cortexkit/alfonso/worktrees/cb089079df9ef51b/bg_824556ecfc5fc716,subconscious,worktree,yes,no,n/a,n/a,n/a,0,0,n/a,n/a,0,0,none,0/n/a/n/a,none,0/n/a/n/a,0,0/n/a/n/a,none,none,0,0/n/a/n/a,0,0
/Users/ufukaltinok/.local/share/cortexkit/alfonso/worktrees/cb089079df9ef51b/bg_9e86f9eb1165c4af,subconscious,worktree,yes,no,n/a,n/a,n/a,0,0,n/a,n/a,0,0,none,0/n/a/n/a,none,0/n/a/n/a,0,0/n/a/n/a,none,none,0,0/n/a/n/a,0,0
/Users/ufukaltinok/.local/share/cortexkit/alfonso/worktrees/cb089079df9ef51b/bg_b648d100071d0b2b,subconscious,worktree,yes,no,n/a,n/a,n/a,0,0,n/a,n/a,0,0,none,0/n/a/n/a,none,0/n/a/n/a,0,0/n/a/n/a,none,none,0,0/n/a/n/a,0,0
/Users/ufukaltinok/.local/share/cortexkit/alfonso/worktrees/cb089079df9ef51b/bg_dispatch_01fd239b4102908c9c27cc5a,subconscious,worktree,yes,no,n/a,n/a,n/a,0,0,n/a,n/a,0,0,none,0/n/a/n/a,none,0/n/a/n/a,0,0/n/a/n/a,none,none,0,0/n/a/n/a,0,0
/Users/ufukaltinok/.local/share/cortexkit/alfonso/worktrees/cb089079df9ef51b/bg_dispatch_29ff06bcd1f9d39e711785cc,subconscious,worktree,yes,no,n/a,n/a,n/a,0,0,n/a,n/a,0,0,none,0/n/a/n/a,none,0/n/a/n/a,0,0/n/a/n/a,none,none,0,0/n/a/n/a,0,0
/Users/ufukaltinok/.local/share/cortexkit/alfonso/worktrees/cb089079df9ef51b/bg_dispatch_376aa8c7b62def9c24fb3827,subconscious,worktree,yes,no,n/a,n/a,n/a,0,0,n/a,n/a,0,0,none,0/n/a/n/a,none,0/n/a/n/a,0,0/n/a/n/a,none,none,0,0/n/a/n/a,0,0
/Users/ufukaltinok/.local/share/cortexkit/alfonso/worktrees/cb089079df9ef51b/bg_dispatch_57a0c53492cf319e3b1a1e45,subconscious,worktree,yes,no,n/a,n/a,n/a,0,0,n/a,n/a,0,0,none,0/n/a/n/a,none,0/n/a/n/a,0,0/n/a/n/a,none,none,0,0/n/a/n/a,0,0
/Users/ufukaltinok/.local/share/cortexkit/alfonso/worktrees/cb089079df9ef51b/bg_dispatch_5c4146372149ca7cf9457c80,subconscious,worktree,yes,no,n/a,n/a,n/a,0,0,n/a,n/a,0,0,none,0/n/a/n/a,none,0/n/a/n/a,0,0/n/a/n/a,none,none,0,0/n/a/n/a,0,0
/Users/ufukaltinok/.local/share/cortexkit/alfonso/worktrees/cb089079df9ef51b/bg_dispatch_7348367e915190b57775d195,subconscious,worktree,yes,no,n/a,n/a,n/a,0,0,n/a,n/a,0,0,none,0/n/a/n/a,none,0/n/a/n/a,0,0/n/a/n/a,none,none,0,0/n/a/n/a,0,0
/Users/ufukaltinok/.local/share/cortexkit/alfonso/worktrees/cb089079df9ef51b/bg_dispatch_77ff9f961ec5240a9bfb0d61,subconscious,worktree,yes,no,n/a,n/a,n/a,0,0,n/a,n/a,0,0,none,0/n/a/n/a,none,0/n/a/n/a,0,0/n/a/n/a,none,none,0,0/n/a/n/a,0,0
/Users/ufukaltinok/.local/share/cortexkit/alfonso/worktrees/cb089079df9ef51b/bg_dispatch_7a04ddfa04a5730c1699338a,subconscious,worktree,yes,no,n/a,n/a,n/a,0,0,n/a,n/a,0,0,none,0/n/a/n/a,none,0/n/a/n/a,0,0/n/a/n/a,none,none,0,0/n/a/n/a,0,0
/Users/ufukaltinok/.local/share/cortexkit/alfonso/worktrees/cb089079df9ef51b/bg_dispatch_7bcc0e0c6bbc8fe6d9c08518,subconscious,worktree,yes,no,n/a,n/a,n/a,0,0,n/a,n/a,0,0,none,0/n/a/n/a,none,0/n/a/n/a,0,0/n/a/n/a,none,none,0,0/n/a/n/a,0,0
/Users/ufukaltinok/.local/share/cortexkit/alfonso/worktrees/cb089079df9ef51b/bg_dispatch_7ef7372b26a57d1883175aec,subconscious,worktree,yes,no,n/a,n/a,n/a,0,0,n/a,n/a,0,0,none,0/n/a/n/a,none,0/n/a/n/a,0,0/n/a/n/a,none,none,0,0/n/a/n/a,0,0
/Users/ufukaltinok/.local/share/cortexkit/alfonso/worktrees/cb089079df9ef51b/bg_dispatch_82a67b816cff4e12dbd8a846,subconscious,worktree,yes,no,n/a,n/a,n/a,0,0,n/a,n/a,0,0,none,0/n/a/n/a,none,0/n/a/n/a,0,0/n/a/n/a,none,none,0,0/n/a/n/a,0,0
/Users/ufukaltinok/.local/share/cortexkit/alfonso/worktrees/cb089079df9ef51b/bg_dispatch_834ef08af71ae1d736786945,subconscious,worktree,yes,no,n/a,n/a,n/a,0,0,n/a,n/a,0,0,none,0/n/a/n/a,none,0/n/a/n/a,0,0/n/a/n/a,none,none,0,0/n/a/n/a,0,0
/Users/ufukaltinok/.local/share/cortexkit/alfonso/worktrees/cb089079df9ef51b/bg_dispatch_90347bbec7a0e20876dd2d69,subconscious,worktree,yes,no,n/a,n/a,n/a,0,0,n/a,n/a,0,0,none,0/n/a/n/a,none,0/n/a/n/a,0,0/n/a/n/a,none,none,0,0/n/a/n/a,0,0
/Users/ufukaltinok/.local/share/cortexkit/alfonso/worktrees/cb089079df9ef51b/bg_dispatch_91824815b124687d76235598,subconscious,worktree,yes,no,n/a,n/a,n/a,0,0,n/a,n/a,0,0,none,0/n/a/n/a,none,0/n/a/n/a,0,0/n/a/n/a,none,none,0,0/n/a/n/a,0,0
/Users/ufukaltinok/.local/share/cortexkit/alfonso/worktrees/cb089079df9ef51b/bg_dispatch_964653c62b05c0d61d7ab429,subconscious,worktree,yes,no,n/a,n/a,n/a,0,0,n/a,n/a,0,0,none,0/n/a/n/a,none,0/n/a/n/a,0,0/n/a/n/a,none,none,0,0/n/a/n/a,0,0
/Users/ufukaltinok/.local/share/cortexkit/alfonso/worktrees/cb089079df9ef51b/bg_dispatch_9cc72e2e69198060a008eb66,subconscious,worktree,yes,no,n/a,n/a,n/a,0,0,n/a,n/a,0,0,none,0/n/a/n/a,none,0/n/a/n/a,0,0/n/a/n/a,none,none,0,0/n/a/n/a,0,0
/Users/ufukaltinok/.local/share/cortexkit/alfonso/worktrees/cb089079df9ef51b/bg_dispatch_a837eeabb8eb5e5b6257729e,subconscious,worktree,yes,no,n/a,n/a,n/a,0,0,n/a,n/a,0,0,none,0/n/a/n/a,none,0/n/a/n/a,0,0/n/a/n/a,none,none,0,0/n/a/n/a,0,0
/Users/ufukaltinok/.local/share/cortexkit/alfonso/worktrees/cb089079df9ef51b/bg_dispatch_adf9d79373809b75f4f76afb,subconscious,worktree,yes,no,n/a,n/a,n/a,0,0,n/a,n/a,0,0,none,0/n/a/n/a,none,0/n/a/n/a,0,0/n/a/n/a,none,none,0,0/n/a/n/a,0,0
/Users/ufukaltinok/.local/share/cortexkit/alfonso/worktrees/cb089079df9ef51b/bg_dispatch_ca44d573c4a966ee805073cb,subconscious,worktree,yes,no,n/a,n/a,n/a,0,0,n/a,n/a,0,0,none,0/n/a/n/a,none,0/n/a/n/a,0,0/n/a/n/a,none,none,0,0/n/a/n/a,0,0
/Users/ufukaltinok/.local/share/cortexkit/alfonso/worktrees/cb089079df9ef51b/bg_dispatch_ce0145e6fc9db47035459494,subconscious,worktree,yes,no,n/a,n/a,n/a,0,0,n/a,n/a,0,0,none,0/n/a/n/a,none,0/n/a/n/a,0,0/n/a/n/a,none,none,0,0/n/a/n/a,0,0
/Users/ufukaltinok/.local/share/cortexkit/alfonso/worktrees/cb089079df9ef51b/bg_dispatch_d5898eecf2f65a6ea03ac694,subconscious,worktree,yes,no,n/a,n/a,n/a,0,0,n/a,n/a,0,0,none,0/n/a/n/a,none,0/n/a/n/a,0,0/n/a/n/a,none,none,0,0/n/a/n/a,0,0
/Users/ufukaltinok/.local/share/cortexkit/alfonso/worktrees/cb089079df9ef51b/bg_dispatch_e391c26a0c65852cc8259d61,subconscious,worktree,yes,no,n/a,n/a,n/a,0,0,n/a,n/a,0,0,none,0/n/a/n/a,none,0/n/a/n/a,0,0/n/a/n/a,none,none,0,0/n/a/n/a,0,0
/Users/ufukaltinok/.local/share/cortexkit/alfonso/worktrees/cb089079df9ef51b/bg_dispatch_fd50979fb811e6dcf477b135,subconscious,worktree,yes,no,n/a,n/a,n/a,0,0,n/a,n/a,0,0,none,0/n/a/n/a,none,0/n/a/n/a,0,0/n/a/n/a,none,none,0,0/n/a/n/a,0,0
/Users/ufukaltinok/.local/share/cortexkit/alfonso/worktrees/cb089079df9ef51b/bg_eff7db6aa5f73f60,subconscious,worktree,yes,no,n/a,n/a,n/a,0,0,n/a,n/a,0,0,none,0/n/a/n/a,none,0/n/a/n/a,0,0/n/a/n/a,none,none,0,0/n/a/n/a,0,0
/Users/ufukaltinok/.local/share/cortexkit/alfonso/worktrees/cb089079df9ef51b/bg_f61da1df3763c60b,subconscious,worktree,yes,no,n/a,n/a,n/a,0,0,n/a,n/a,0,0,none,0/n/a/n/a,none,0/n/a/n/a,0,0/n/a/n/a,none,none,0,0/n/a/n/a,0,0
/Users/ufukaltinok/.local/share/cortexkit/alfonso/worktrees/cb089079df9ef51b/bg_fa5b4bb1fe9fbf65,subconscious,worktree,yes,no,n/a,n/a,n/a,0,0,n/a,n/a,0,0,none,0/n/a/n/a,none,0/n/a/n/a,0,0/n/a/n/a,none,none,0,0/n/a/n/a,0,0
/Users/ufukaltinok/.local/share/cortexkit/alfonso/worktrees/cb089079df9ef51b/evidence-ct-00000000-0000-4001-98d1-db4ebfdea7a0-750881c17d5ee14f,subconscious,worktree,yes,no,n/a,n/a,n/a,0,0,n/a,n/a,0,0,none,0/n/a/n/a,none,0/n/a/n/a,0,0/n/a/n/a,none,none,0,0/n/a/n/a,0,0
/Users/ufukaltinok/.local/share/cortexkit/alfonso/worktrees/cb089079df9ef51b/evidence-ct-00000000-0000-4003-98ce-cdf29ac19050-29ad85918676fe4a,subconscious,worktree,yes,no,n/a,n/a,n/a,0,0,n/a,n/a,0,0,none,0/n/a/n/a,none,0/n/a/n/a,0,0/n/a/n/a,none,none,0,0/n/a/n/a,0,0
/Users/ufukaltinok/.local/share/cortexkit/alfonso/worktrees/cf5703c6121743b1/pool-122,prefrontal,worktree,yes,yes,1427,.ts TypeScript=673; .rs Rust=289; .md Markdown=214,cargo:7,0,0,n/a,n/a,0,0,none,0/n/a/n/a,none,0/n/a/n/a,0,0/n/a/n/a,none,none,0,0/n/a/n/a,0,0
/Users/ufukaltinok/.local/share/cortexkit/alfonso/worktrees/d2b097f2ae9efb85/bg_091b78dd0e472b64,cerebellum,worktree,yes,no,n/a,n/a,n/a,0,0,n/a,n/a,0,0,none,0/n/a/n/a,none,0/n/a/n/a,0,0/n/a/n/a,none,none,0,0/n/a/n/a,0,0
/Users/ufukaltinok/.local/share/cortexkit/alfonso/worktrees/d2b097f2ae9efb85/bg_0f6f4b92,cerebellum,worktree,yes,no,n/a,n/a,n/a,0,0,n/a,n/a,0,0,none,0/n/a/n/a,none,0/n/a/n/a,0,0/n/a/n/a,none,none,0,0/n/a/n/a,0,0
/Users/ufukaltinok/.local/share/cortexkit/alfonso/worktrees/d2b097f2ae9efb85/bg_1d0fa53f38363ae1,cerebellum,worktree,yes,no,n/a,n/a,n/a,0,0,n/a,n/a,0,0,none,0/n/a/n/a,none,0/n/a/n/a,0,0/n/a/n/a,none,none,0,0/n/a/n/a,0,0
/Users/ufukaltinok/.local/share/cortexkit/alfonso/worktrees/d2b097f2ae9efb85/bg_1ed4c059,cerebellum,worktree,yes,no,n/a,n/a,n/a,0,0,n/a,n/a,0,0,none,0/n/a/n/a,none,0/n/a/n/a,0,0/n/a/n/a,none,none,0,0/n/a/n/a,0,0
/Users/ufukaltinok/.local/share/cortexkit/alfonso/worktrees/d2b097f2ae9efb85/bg_298ed6377430ee8d,cerebellum,worktree,yes,no,n/a,n/a,n/a,0,0,n/a,n/a,0,0,none,0/n/a/n/a,none,0/n/a/n/a,0,0/n/a/n/a,none,none,0,0/n/a/n/a,0,0
/Users/ufukaltinok/.local/share/cortexkit/alfonso/worktrees/d2b097f2ae9efb85/bg_3670693dfb9382a6,cerebellum,worktree,yes,no,n/a,n/a,n/a,0,0,n/a,n/a,0,0,none,0/n/a/n/a,none,0/n/a/n/a,0,0/n/a/n/a,none,none,0,0/n/a/n/a,0,0
/Users/ufukaltinok/.local/share/cortexkit/alfonso/worktrees/d2b097f2ae9efb85/bg_37c704fcc3af6912,cerebellum,worktree,yes,no,n/a,n/a,n/a,0,0,n/a,n/a,0,0,none,0/n/a/n/a,none,0/n/a/n/a,0,0/n/a/n/a,none,none,0,0/n/a/n/a,0,0
/Users/ufukaltinok/.local/share/cortexkit/alfonso/worktrees/d2b097f2ae9efb85/bg_3d3a0112,cerebellum,worktree,yes,no,n/a,n/a,n/a,0,0,n/a,n/a,0,0,none,0/n/a/n/a,none,0/n/a/n/a,0,0/n/a/n/a,none,none,0,0/n/a/n/a,0,0
/Users/ufukaltinok/.local/share/cortexkit/alfonso/worktrees/d2b097f2ae9efb85/bg_45e51339,cerebellum,worktree,yes,no,n/a,n/a,n/a,0,0,n/a,n/a,0,0,none,0/n/a/n/a,none,0/n/a/n/a,0,0/n/a/n/a,none,none,0,0/n/a/n/a,0,0
/Users/ufukaltinok/.local/share/cortexkit/alfonso/worktrees/d2b097f2ae9efb85/bg_47ba0dcb05a1d653,cerebellum,worktree,yes,no,n/a,n/a,n/a,0,0,n/a,n/a,0,0,none,0/n/a/n/a,none,0/n/a/n/a,0,0/n/a/n/a,none,none,0,0/n/a/n/a,0,0
/Users/ufukaltinok/.local/share/cortexkit/alfonso/worktrees/d2b097f2ae9efb85/bg_58937d5852fb98b2,cerebellum,worktree,yes,no,n/a,n/a,n/a,0,0,n/a,n/a,0,0,none,0/n/a/n/a,none,0/n/a/n/a,0,0/n/a/n/a,none,none,0,0/n/a/n/a,0,0
/Users/ufukaltinok/.local/share/cortexkit/alfonso/worktrees/d2b097f2ae9efb85/bg_590313a1,cerebellum,worktree,yes,no,n/a,n/a,n/a,0,0,n/a,n/a,0,0,none,0/n/a/n/a,none,0/n/a/n/a,0,0/n/a/n/a,none,none,0,0/n/a/n/a,0,0
/Users/ufukaltinok/.local/share/cortexkit/alfonso/worktrees/d2b097f2ae9efb85/bg_5d9dc85ca7fe8e77,cerebellum,worktree,yes,no,n/a,n/a,n/a,0,0,n/a,n/a,0,0,none,0/n/a/n/a,none,0/n/a/n/a,0,0/n/a/n/a,none,none,0,0/n/a/n/a,0,0
/Users/ufukaltinok/.local/share/cortexkit/alfonso/worktrees/d2b097f2ae9efb85/bg_62b51d4f,cerebellum,worktree,yes,no,n/a,n/a,n/a,0,0,n/a,n/a,0,0,none,0/n/a/n/a,none,0/n/a/n/a,0,0/n/a/n/a,none,none,0,0/n/a/n/a,0,0
/Users/ufukaltinok/.local/share/cortexkit/alfonso/worktrees/d2b097f2ae9efb85/bg_813bedda22f39edc,cerebellum,worktree,yes,no,n/a,n/a,n/a,0,0,n/a,n/a,0,0,none,0/n/a/n/a,none,0/n/a/n/a,0,0/n/a/n/a,none,none,0,0/n/a/n/a,0,0
/Users/ufukaltinok/.local/share/cortexkit/alfonso/worktrees/d2b097f2ae9efb85/bg_9167b188ad321b16,cerebellum,worktree,yes,no,n/a,n/a,n/a,0,0,n/a,n/a,0,0,none,0/n/a/n/a,none,0/n/a/n/a,0,0/n/a/n/a,none,none,0,0/n/a/n/a,0,0
/Users/ufukaltinok/.local/share/cortexkit/alfonso/worktrees/d2b097f2ae9efb85/bg_9885af327d5a9034,cerebellum,worktree,yes,no,n/a,n/a,n/a,0,0,n/a,n/a,0,0,none,0/n/a/n/a,none,0/n/a/n/a,0,0/n/a/n/a,none,none,0,0/n/a/n/a,0,0
/Users/ufukaltinok/.local/share/cortexkit/alfonso/worktrees/d2b097f2ae9efb85/bg_9d033cea063fd3f9,cerebellum,worktree,yes,no,n/a,n/a,n/a,0,0,n/a,n/a,0,0,none,0/n/a/n/a,none,0/n/a/n/a,0,0/n/a/n/a,none,none,0,0/n/a/n/a,0,0
/Users/ufukaltinok/.local/share/cortexkit/alfonso/worktrees/d2b097f2ae9efb85/bg_a76b69d125b2bf94,cerebellum,worktree,yes,no,n/a,n/a,n/a,0,0,n/a,n/a,0,0,none,0/n/a/n/a,none,0/n/a/n/a,0,0/n/a/n/a,none,none,0,0/n/a/n/a,0,0
/Users/ufukaltinok/.local/share/cortexkit/alfonso/worktrees/d2b097f2ae9efb85/bg_c57239b4,cerebellum,worktree,yes,no,n/a,n/a,n/a,0,0,n/a,n/a,0,0,none,0/n/a/n/a,none,0/n/a/n/a,0,0/n/a/n/a,none,none,0,0/n/a/n/a,0,0
/Users/ufukaltinok/.local/share/cortexkit/alfonso/worktrees/d2b097f2ae9efb85/bg_d8b9a77c,cerebellum,worktree,yes,no,n/a,n/a,n/a,0,0,n/a,n/a,0,0,none,0/n/a/n/a,none,0/n/a/n/a,0,0/n/a/n/a,none,none,0,0/n/a/n/a,0,0
/Users/ufukaltinok/.local/share/cortexkit/alfonso/worktrees/d2b097f2ae9efb85/bg_f83e8a949d1bc16f,cerebellum,worktree,yes,no,n/a,n/a,n/a,0,0,n/a,n/a,0,0,none,0/n/a/n/a,none,0/n/a/n/a,0,0/n/a/n/a,none,none,0,0/n/a/n/a,0,0
/Users/ufukaltinok/.local/share/cortexkit/alfonso/worktrees/e7c3d96c39df7bf6/bg_3628c6efd37f03d7,engram,worktree,yes,no,n/a,n/a,n/a,0,0,n/a,n/a,0,0,none,0/n/a/n/a,none,0/n/a/n/a,0,0/n/a/n/a,none,none,0,0/n/a/n/a,0,0
/Users/ufukaltinok/.local/share/cortexkit/alfonso/worktrees/e7c3d96c39df7bf6/bg_5524c355,engram,worktree,yes,no,n/a,n/a,n/a,0,0,n/a,n/a,0,0,none,0/n/a/n/a,none,0/n/a/n/a,0,0/n/a/n/a,none,none,0,0/n/a/n/a,0,0
/Users/ufukaltinok/.local/share/cortexkit/alfonso/worktrees/e7c3d96c39df7bf6/bg_6e29553d,engram,worktree,yes,no,n/a,n/a,n/a,0,0,n/a,n/a,0,0,none,0/n/a/n/a,none,0/n/a/n/a,0,0/n/a/n/a,none,none,0,0/n/a/n/a,0,0
/Users/ufukaltinok/.local/share/cortexkit/alfonso/worktrees/e7c3d96c39df7bf6/bg_91864ef4,engram,worktree,yes,no,n/a,n/a,n/a,0,0,n/a,n/a,0,0,none,0/n/a/n/a,none,0/n/a/n/a,0,0/n/a/n/a,none,none,0,0/n/a/n/a,0,0
/Users/ufukaltinok/.local/share/cortexkit/alfonso/worktrees/e7c3d96c39df7bf6/bg_a86f155bd81e9422,engram,worktree,yes,no,n/a,n/a,n/a,0,0,n/a,n/a,0,0,none,0/n/a/n/a,none,0/n/a/n/a,0,0/n/a/n/a,none,none,0,0/n/a/n/a,0,0
/Users/ufukaltinok/.local/share/cortexkit/alfonso/worktrees/e7c3d96c39df7bf6/bg_ae44c60795ada35b,engram,worktree,yes,yes,236,.md Markdown=122; .rs Rust=85; .json JSON=8,cargo:4,0,0,n/a,n/a,0,0,none,0/n/a/n/a,none,0/n/a/n/a,0,0/n/a/n/a,none,none,0,0/n/a/n/a,0,0
/Users/ufukaltinok/.local/share/cortexkit/alfonso/worktrees/e7c3d96c39df7bf6/bg_b16539009b147aa1,engram,worktree,yes,no,n/a,n/a,n/a,0,0,n/a,n/a,0,0,none,0/n/a/n/a,none,0/n/a/n/a,0,0/n/a/n/a,none,none,0,0/n/a/n/a,0,0
/Users/ufukaltinok/.local/share/cortexkit/alfonso/worktrees/e7c3d96c39df7bf6/bg_b69799352c3485ea,engram,worktree,yes,no,n/a,n/a,n/a,0,0,n/a,n/a,0,0,none,0/n/a/n/a,none,0/n/a/n/a,0,0/n/a/n/a,none,none,0,0/n/a/n/a,0,0
/Users/ufukaltinok/.local/share/cortexkit/alfonso/worktrees/ec57bf156ffa7f40/bg_0664969e2f525054,astrocyte,worktree,yes,no,n/a,n/a,n/a,0,0,n/a,n/a,0,0,none,0/n/a/n/a,none,0/n/a/n/a,0,0/n/a/n/a,none,none,0,0/n/a/n/a,0,0
/Users/ufukaltinok/.local/share/cortexkit/alfonso/worktrees/ec57bf156ffa7f40/bg_0c7ebc9a728b52f6,astrocyte,worktree,yes,yes,80,.rs Rust=32; .json JSON=21; .md Markdown=17,cargo:2,0,0,n/a,n/a,0,0,none,0/n/a/n/a,none,0/n/a/n/a,0,0/n/a/n/a,none,none,0,0/n/a/n/a,0,0
/Users/ufukaltinok/.local/share/cortexkit/alfonso/worktrees/ec57bf156ffa7f40/bg_132755d1edb2aff9,astrocyte,worktree,yes,no,n/a,n/a,n/a,0,0,n/a,n/a,0,0,none,0/n/a/n/a,none,0/n/a/n/a,0,0/n/a/n/a,none,none,0,0/n/a/n/a,0,0
/Users/ufukaltinok/.local/share/cortexkit/alfonso/worktrees/ec57bf156ffa7f40/bg_40602b6d,astrocyte,worktree,yes,no,n/a,n/a,n/a,0,0,n/a,n/a,0,0,none,0/n/a/n/a,none,0/n/a/n/a,0,0/n/a/n/a,none,none,0,0/n/a/n/a,0,0
/Users/ufukaltinok/.local/share/cortexkit/alfonso/worktrees/ec57bf156ffa7f40/bg_424b0acf97009e27,astrocyte,worktree,yes,no,n/a,n/a,n/a,0,0,n/a,n/a,0,0,none,0/n/a/n/a,none,0/n/a/n/a,0,0/n/a/n/a,none,none,0,0/n/a/n/a,0,0
/Users/ufukaltinok/.local/share/cortexkit/alfonso/worktrees/ec57bf156ffa7f40/bg_5f5f1165,astrocyte,worktree,yes,no,n/a,n/a,n/a,0,0,n/a,n/a,0,0,none,0/n/a/n/a,none,0/n/a/n/a,0,0/n/a/n/a,none,none,0,0/n/a/n/a,0,0
/Users/ufukaltinok/.local/share/cortexkit/alfonso/worktrees/ec57bf156ffa7f40/bg_7e385e9c94a9413f,astrocyte,worktree,yes,yes,79,.rs Rust=32; .json JSON=21; .md Markdown=16,cargo:2,0,0,n/a,n/a,0,0,none,0/n/a/n/a,none,0/n/a/n/a,0,0/n/a/n/a,none,none,0,0/n/a/n/a,0,0
/Users/ufukaltinok/.local/share/cortexkit/alfonso/worktrees/ec57bf156ffa7f40/bg_85dda29f,astrocyte,worktree,yes,no,n/a,n/a,n/a,0,0,n/a,n/a,0,0,none,0/n/a/n/a,none,0/n/a/n/a,0,0/n/a/n/a,none,none,0,0/n/a/n/a,0,0
/Users/ufukaltinok/.local/share/cortexkit/alfonso/worktrees/ec57bf156ffa7f40/bg_9264ff6a616f7914,astrocyte,worktree,yes,no,n/a,n/a,n/a,0,0,n/a,n/a,0,0,none,0/n/a/n/a,none,0/n/a/n/a,0,0/n/a/n/a,none,none,0,0/n/a/n/a,0,0
/Users/ufukaltinok/.local/share/cortexkit/alfonso/worktrees/ec57bf156ffa7f40/bg_9d7f7fba10de32cc,astrocyte,worktree,yes,yes,78,.rs Rust=31; .json JSON=21; .md Markdown=16,cargo:2,0,0,n/a,n/a,0,0,none,0/n/a/n/a,none,0/n/a/n/a,0,0/n/a/n/a,none,none,0,0/n/a/n/a,0,0
/Users/ufukaltinok/.local/share/cortexkit/alfonso/worktrees/eec26c2e4686f780/bg_023b79be,alfonso-ios,worktree,yes,no,n/a,n/a,n/a,0,0,n/a,n/a,0,0,none,0/n/a/n/a,none,0/n/a/n/a,0,0/n/a/n/a,none,none,0,0/n/a/n/a,0,0
/Users/ufukaltinok/.local/share/cortexkit/alfonso/worktrees/eec26c2e4686f780/bg_08a65f9f,alfonso-ios,worktree,yes,no,n/a,n/a,n/a,0,0,n/a,n/a,0,0,none,0/n/a/n/a,none,0/n/a/n/a,0,0/n/a/n/a,none,none,0,0/n/a/n/a,0,0
/Users/ufukaltinok/.local/share/cortexkit/alfonso/worktrees/eec26c2e4686f780/bg_20874098,alfonso-ios,worktree,yes,no,n/a,n/a,n/a,0,0,n/a,n/a,0,0,none,0/n/a/n/a,none,0/n/a/n/a,0,0/n/a/n/a,none,none,0,0/n/a/n/a,0,0
/Users/ufukaltinok/.local/share/cortexkit/alfonso/worktrees/eec26c2e4686f780/bg_25a9925d,alfonso-ios,worktree,yes,no,n/a,n/a,n/a,0,0,n/a,n/a,0,0,none,0/n/a/n/a,none,0/n/a/n/a,0,0/n/a/n/a,none,none,0,0/n/a/n/a,0,0
/Users/ufukaltinok/.local/share/cortexkit/alfonso/worktrees/eec26c2e4686f780/bg_4a262cee,alfonso-ios,worktree,yes,no,n/a,n/a,n/a,0,0,n/a,n/a,0,0,none,0/n/a/n/a,none,0/n/a/n/a,0,0/n/a/n/a,none,none,0,0/n/a/n/a,0,0
/Users/ufukaltinok/.local/share/cortexkit/alfonso/worktrees/eec26c2e4686f780/bg_5af1e83c,alfonso-ios,worktree,yes,no,n/a,n/a,n/a,0,0,n/a,n/a,0,0,none,0/n/a/n/a,none,0/n/a/n/a,0,0/n/a/n/a,none,none,0,0/n/a/n/a,0,0
/Users/ufukaltinok/.local/share/cortexkit/alfonso/worktrees/eec26c2e4686f780/bg_5dbc38ab,alfonso-ios,worktree,yes,no,n/a,n/a,n/a,0,0,n/a,n/a,0,0,none,0/n/a/n/a,none,0/n/a/n/a,0,0/n/a/n/a,none,none,0,0/n/a/n/a,0,0
/Users/ufukaltinok/.local/share/cortexkit/alfonso/worktrees/eec26c2e4686f780/bg_6179a96b,alfonso-ios,worktree,yes,no,n/a,n/a,n/a,0,0,n/a,n/a,0,0,none,0/n/a/n/a,none,0/n/a/n/a,0,0/n/a/n/a,none,none,0,0/n/a/n/a,0,0
/Users/ufukaltinok/.local/share/cortexkit/alfonso/worktrees/eec26c2e4686f780/bg_64f57cf8,alfonso-ios,worktree,yes,no,n/a,n/a,n/a,0,0,n/a,n/a,0,0,none,0/n/a/n/a,none,0/n/a/n/a,0,0/n/a/n/a,none,none,0,0/n/a/n/a,0,0
/Users/ufukaltinok/.local/share/cortexkit/alfonso/worktrees/eec26c2e4686f780/bg_8e82adeb,alfonso-ios,worktree,yes,no,n/a,n/a,n/a,0,0,n/a,n/a,0,0,none,0/n/a/n/a,none,0/n/a/n/a,0,0/n/a/n/a,none,none,0,0/n/a/n/a,0,0
/Users/ufukaltinok/.local/share/cortexkit/alfonso/worktrees/eec26c2e4686f780/bg_a12112d3,alfonso-ios,worktree,yes,no,n/a,n/a,n/a,0,0,n/a,n/a,0,0,none,0/n/a/n/a,none,0/n/a/n/a,0,0/n/a/n/a,none,none,0,0/n/a/n/a,0,0
/Users/ufukaltinok/.local/share/cortexkit/alfonso/worktrees/eec26c2e4686f780/bg_ab29d35189b0a53c,alfonso-ios,worktree,yes,no,n/a,n/a,n/a,0,0,n/a,n/a,0,0,none,0/n/a/n/a,none,0/n/a/n/a,0,0/n/a/n/a,none,none,0,0/n/a/n/a,0,0
/Users/ufukaltinok/.local/share/cortexkit/alfonso/worktrees/eec26c2e4686f780/bg_ac885c7f,alfonso-ios,worktree,yes,no,n/a,n/a,n/a,0,0,n/a,n/a,0,0,none,0/n/a/n/a,none,0/n/a/n/a,0,0/n/a/n/a,none,none,0,0/n/a/n/a,0,0
/Users/ufukaltinok/.local/share/cortexkit/alfonso/worktrees/eec26c2e4686f780/bg_ac8cfbe2,alfonso-ios,worktree,yes,no,n/a,n/a,n/a,0,0,n/a,n/a,0,0,none,0/n/a/n/a,none,0/n/a/n/a,0,0/n/a/n/a,none,none,0,0/n/a/n/a,0,0
/Users/ufukaltinok/.local/share/cortexkit/alfonso/worktrees/eec26c2e4686f780/bg_cc546345,alfonso-ios,worktree,yes,no,n/a,n/a,n/a,0,0,n/a,n/a,0,0,none,0/n/a/n/a,none,0/n/a/n/a,0,0/n/a/n/a,none,none,0,0/n/a/n/a,0,0
/Users/ufukaltinok/.local/share/cortexkit/alfonso/worktrees/eec26c2e4686f780/bg_da8752965046de6a,alfonso-ios,worktree,yes,no,n/a,n/a,n/a,0,0,n/a,n/a,0,0,none,0/n/a/n/a,none,0/n/a/n/a,0,0/n/a/n/a,none,none,0,0/n/a/n/a,0,0
/Users/ufukaltinok/.local/share/cortexkit/alfonso/worktrees/eec26c2e4686f780/bg_dc5ad603,alfonso-ios,worktree,yes,no,n/a,n/a,n/a,0,0,n/a,n/a,0,0,none,0/n/a/n/a,none,0/n/a/n/a,0,0/n/a/n/a,none,none,0,0/n/a/n/a,0,0
/Users/ufukaltinok/.local/share/cortexkit/alfonso/worktrees/eec26c2e4686f780/bg_fed9fd7f,alfonso-ios,worktree,yes,no,n/a,n/a,n/a,0,0,n/a,n/a,0,0,none,0/n/a/n/a,none,0/n/a/n/a,0,0/n/a/n/a,none,none,0,0/n/a/n/a,0,0
/Users/ufukaltinok/.local/share/cortexkit/alfonso/worktrees/manual-provenance-b1,cortexkit-e2e,worktree,yes,yes,48,.ts TypeScript=38; .md Markdown=3; .json JSON=2,none,0,0,n/a,n/a,0,0,none,0/n/a/n/a,none,0/n/a/n/a,0,0/n/a/n/a,none,none,0,0/n/a/n/a,0,0
/Users/ufukaltinok/Work/OSS/9router,9router,primary,yes,yes,1209,.js JavaScript=889; .md Markdown=122; .png png=106,none,0,0,n/a,n/a,0,0,none,0/n/a/n/a,none,0/n/a/n/a,0,0/n/a/n/a,none,none,0,0/n/a/n/a,0,0
/Users/ufukaltinok/Work/OSS/MTPLX,MTPLX,primary,yes,yes,1202,.py Python=576; .swift Swift=220; .json JSON=129,none,0,0,n/a,n/a,0,0,none,0/n/a/n/a,none,0/n/a/n/a,0,0/n/a/n/a,none,none,0,0/n/a/n/a,0,0
/Users/ufukaltinok/Work/OSS/centaur,centaur,primary,yes,yes,1578,.py Python=354; .rb Ruby=316; .ts TypeScript=136,none,0,0,n/a,n/a,0,0,none,0/n/a/n/a,none,0/n/a/n/a,0,0/n/a/n/a,none,none,0,0/n/a/n/a,0,0
/Users/ufukaltinok/Work/OSS/codex,codex,primary,yes,yes,5699,.rs Rust=2716; .snap snap=653; .ts TypeScript=642,none,0,0,n/a,n/a,0,0,none,0/n/a/n/a,none,0/n/a/n/a,0,0/n/a/n/a,none,none,0,0/n/a/n/a,0,0
/Users/ufukaltinok/Work/OSS/deepseek-harness,deepseek-harness,primary,yes,yes,7412,.md Markdown=2355; .ts TypeScript=2319; .yaml YAML=1086,node:235,0,0,n/a,n/a,0,0,none,0/n/a/n/a,none,0/n/a/n/a,0,0/n/a/n/a,none,none,0,0/n/a/n/a,0,0
/Users/ufukaltinok/Work/OSS/fx,fx,primary,yes,yes,782,.zig zig=549; .ts TypeScript=106; .mjs JavaScript=37,none,0,0,n/a,n/a,0,0,none,0/n/a/n/a,none,0/n/a/n/a,0,0/n/a/n/a,none,none,0,0/n/a/n/a,0,0
/Users/ufukaltinok/Work/OSS/gather-corpus/NousResearch__hermes-agent,NousResearch__hermes-agent,primary,yes,yes,6275,.py Python=2977; .md Markdown=1411; .ts TypeScript=864,node:6,0,0,n/a,n/a,0,0,none,0/n/a/n/a,none,0/n/a/n/a,0,0/n/a/n/a,none,none,0,0/n/a/n/a,0,0
/Users/ufukaltinok/Work/OSS/goose,goose,primary,yes,yes,2412,.rs Rust=450; .tsx TSX=360; .md Markdown=335,cargo:13,0,0,n/a,n/a,0,0,none,0/n/a/n/a,none,0/n/a/n/a,0,0/n/a/n/a,none,none,0,0/n/a/n/a,0,0
/Users/ufukaltinok/Work/OSS/grok-build,grok-build,primary,yes,yes,2715,.rs Rust=2219; .md Markdown=170; .json JSON=117,cargo:79,0,0,n/a,n/a,0,0,none,0/n/a/n/a,none,0/n/a/n/a,0,0/n/a/n/a,none,none,0,0/n/a/n/a,0,0
/Users/ufukaltinok/Work/OSS/hermes-agent,hermes-agent,primary,yes,yes,10966,.py Python=4904; .ts TypeScript=1962; .md Markdown=1583,node:7,0,0,n/a,n/a,0,0,none,0/n/a/n/a,none,0/n/a/n/a,0,0/n/a/n/a,none,none,0,0/n/a/n/a,0,0
/Users/ufukaltinok/Work/OSS/jcodemunch-mcp,jcodemunch-mcp,primary,yes,yes,709,.py Python=565; .md Markdown=42; .json JSON=24,none,0,0,n/a,n/a,0,0,none,0/n/a/n/a,none,0/n/a/n/a,0,0/n/a/n/a,none,none,0,0/n/a/n/a,0,0
/Users/ufukaltinok/Work/OSS/oh-my-pi,oh-my-pi,primary,yes,yes,6238,.ts TypeScript=4291; .md Markdown=515; .rs Rust=361,cargo:8; node:18,0,0,n/a,n/a,0,0,none,0/n/a/n/a,none,0/n/a/n/a,0,0/n/a/n/a,none,none,0,0/n/a/n/a,0,0
/Users/ufukaltinok/Work/OSS/openclaw,openclaw,primary,yes,yes,36026,.ts TypeScript=29504; .md Markdown=1187; .swift Swift=1165,none,0,0,n/a,n/a,0,0,none,0/n/a/n/a,none,0/n/a/n/a,0,0/n/a/n/a,none,none,0,0/n/a/n/a,0,0
/Users/ufukaltinok/Work/OSS/opencode,opencode,primary,yes,yes,6407,.ts TypeScript=2582; .svg svg=1261; .mdx mdx=627,node:36,0,0,n/a,n/a,0,0,none,0/n/a/n/a,none,0/n/a/n/a,0,0/n/a/n/a,none,none,0,0/n/a/n/a,0,0
/Users/ufukaltinok/Work/OSS/opencode-agent-selection-reset,opencode-agent-selection-reset,primary,yes,yes,6283,.ts TypeScript=2488; .svg svg=1261; .mdx mdx=627,node:36,0,0,n/a,n/a,0,0,none,0/n/a/n/a,none,0/n/a/n/a,0,0/n/a/n/a,none,none,0,0/n/a/n/a,0,0
/Users/ufukaltinok/Work/OSS/opencode-disable-review,opencode-disable-review,primary,yes,yes,6278,.ts TypeScript=2483; .svg svg=1261; .mdx mdx=627,node:36,0,0,n/a,n/a,0,0,none,0/n/a/n/a,none,0/n/a/n/a,0,0/n/a/n/a,none,none,0,0/n/a/n/a,0,0
/Users/ufukaltinok/Work/OSS/opencode-filter-messages-pr,opencode-filter-messages-pr,primary,yes,yes,6278,.ts TypeScript=2483; .svg svg=1261; .mdx mdx=627,node:36,0,0,n/a,n/a,0,0,none,0/n/a/n/a,none,0/n/a/n/a,0,0/n/a/n/a,none,none,0,0/n/a/n/a,0,0
/Users/ufukaltinok/Work/OSS/opencode-plugin-hook-ordering,opencode-plugin-hook-ordering,primary,yes,yes,6278,.ts TypeScript=2483; .svg svg=1261; .mdx mdx=627,node:36,0,0,n/a,n/a,0,0,none,0/n/a/n/a,none,0/n/a/n/a,0,0/n/a/n/a,none,none,0,0/n/a/n/a,0,0
/Users/ufukaltinok/Work/OSS/opencode-subagent-tree-redesign,opencode-subagent-tree-redesign,primary,yes,yes,6235,.ts TypeScript=2462; .svg svg=1261; .mdx mdx=627,node:36,0,0,n/a,n/a,0,0,none,0/n/a/n/a,none,0/n/a/n/a,0,0/n/a/n/a,none,none,0,0/n/a/n/a,0,0
/Users/ufukaltinok/Work/OSS/osaurus,osaurus,primary,yes,yes,3238,.swift Swift=2176; .json JSON=620; .md Markdown=194,none,0,0,n/a,n/a,0,0,none,0/n/a/n/a,none,0/n/a/n/a,0,0/n/a/n/a,none,none,0,0/n/a/n/a,0,0
/Users/ufukaltinok/Work/OSS/pane,pane,primary,yes,yes,133,.png png=52; .rs Rust=32; .svg svg=17,none,0,0,n/a,n/a,0,0,none,0/n/a/n/a,none,0/n/a/n/a,0,0/n/a/n/a,none,none,0,0/n/a/n/a,0,0
/Users/ufukaltinok/Work/OSS/pi-mono,pi-mono,primary,yes,yes,1415,.ts TypeScript=1174; .md Markdown=97; .json JSON=47,node:15,0,0,n/a,n/a,0,0,none,0/n/a/n/a,none,1/148/148,18,1/274/274,"bash_drain_completions:n=9,p50=67ms,p95=5670ms; glob:n=2,p50=3834ms,p95=8726ms; grep:n=4,p50=1609ms,p95=1631ms; inspect_tier2_run:n=1,p50=463ms,p95=463ms; outline:n=1,p50=581ms,p95=581ms; read:n=2,p50=1232ms,p95=1382ms; search:n=2,p50=52ms,p95=91ms",none,0,0/n/a/n/a,0,0
/Users/ufukaltinok/Work/OSS/qwen-3.8-mtp-challenge,qwen-3.8-mtp-challenge,primary,yes,yes,2499,.swift Swift=597; .h C/C++ header=498; .cpp C++=302,none,0,0,n/a,n/a,0,0,none,0/n/a/n/a,none,0/n/a/n/a,0,0/n/a/n/a,none,none,0,0/n/a/n/a,0,0
/Users/ufukaltinok/Work/OSS/tmignore-rs,tmignore-rs,primary,yes,yes,40,.rs Rust=18; .yml YAML=7; .md Markdown=4,none,0,0,n/a,n/a,0,0,none,0/n/a/n/a,none,0/n/a/n/a,0,0/n/a/n/a,none,none,0,0/n/a/n/a,0,0
/Users/ufukaltinok/Work/OSS/tokenspeed,tokenspeed,primary,yes,yes,1492,.py Python=1115; .h C/C++ header=60; .yaml YAML=46,none,0,0,n/a,n/a,0,0,none,0/n/a/n/a,none,0/n/a/n/a,0,0/n/a/n/a,none,none,0,0/n/a/n/a,0,0
/Users/ufukaltinok/Work/OSS/tokscale,tokscale,primary,yes,yes,706,.ts TypeScript=219; .rs Rust=154; .tsx TSX=71,cargo:2; node:13,0,0,n/a,n/a,0,0,none,0/n/a/n/a,none,0/n/a/n/a,0,0/n/a/n/a,none,none,0,0/n/a/n/a,0,0
/Users/ufukaltinok/Work/OSS/xurl,xurl,primary,yes,yes,65,.go Go=43; .json JSON=3; .md Markdown=3,none,0,0,n/a,n/a,0,0,none,0/n/a/n/a,none,0/n/a/n/a,0,0/n/a/n/a,none,none,0,0/n/a/n/a,0,0
/Users/ufukaltinok/Work/Projects/CortexKit/aft,aft,primary,yes,yes,2352,.ts TypeScript=564; .rs Rust=484; .json JSON=412,cargo:2; node:6,0,0,n/a,n/a,0,0,corpus drift=1,0/n/a/n/a,none,6/1/22,0,0/n/a/n/a,"bash_ack_completions:n=1,p50=236ms,p95=236ms; bash_drain_completions:n=140,p50=84ms,p95=447ms; edit:n=3,p50=106ms,p95=200ms; grep:n=4,p50=91ms,p95=200ms; inspect_tier2_run:n=1,p50=2082ms,p95=2082ms; search:n=1,p50=206ms,p95=206ms",none,0,0/n/a/n/a,2,0
/Users/ufukaltinok/Work/Projects/CortexKit/aft/crates/aft/tests,tests,primary,yes,yes,896,.json JSON=323; .rs Rust=160; .golden golden=142,none,0,0,n/a,n/a,0,0,none,0/n/a/n/a,none,0/n/a/n/a,0,0/n/a/n/a,none,none,0,0/n/a/n/a,0,0
/Users/ufukaltinok/Work/Projects/CortexKit/aft/crates/aft/tests/fixtures/callgraph,callgraph,primary,yes,yes,10,.ts TypeScript=10,none,0,0,n/a,n/a,0,0,none,0/n/a/n/a,none,0/n/a/n/a,0,0/n/a/n/a,none,none,0,0/n/a/n/a,0,0
/Users/ufukaltinok/Work/Projects/CortexKit/aft/packages/pi-plugin,pi-plugin,primary,yes,yes,144,.ts TypeScript=136; .json JSON=2; .md Markdown=2,none,0,0,n/a,n/a,0,0,none,0/n/a/n/a,none,0/n/a/n/a,0,0/n/a/n/a,none,none,0,0/n/a/n/a,0,0
/Users/ufukaltinok/Work/Projects/CortexKit/alfonso-desktop,alfonso-desktop,primary,yes,yes,14,.md Markdown=8; .lock lock=1; .rs Rust=1,cargo:0,0,0,n/a,n/a,0,0,none,0/n/a/n/a,none,0/n/a/n/a,0,0/n/a/n/a,none,none,0,0/n/a/n/a,0,0
/Users/ufukaltinok/Work/Projects/CortexKit/alfonso-ios,alfonso-ios,primary,yes,yes,331,.swift Swift=290; .md Markdown=10; .sh Shell=10,none,0,0,n/a,n/a,0,0,none,0/n/a/n/a,none,1/51/51,0,0/n/a/n/a,"bash_drain_completions:n=3,p50=61ms,p95=188ms",none,0,0/n/a/n/a,0,0
/Users/ufukaltinok/Work/Projects/CortexKit/alfonso-tui,alfonso-tui,primary,yes,yes,44,.rs Rust=18; .md Markdown=13; .sh Shell=6,none,0,0,n/a,n/a,0,0,none,0/n/a/n/a,none,0/n/a/n/a,0,0/n/a/n/a,"bash_drain_completions:n=2,p50=54ms,p95=58ms; inspect_tier2_run:n=1,p50=8960ms,p95=8960ms",none,0,0/n/a/n/a,0,0
/Users/ufukaltinok/Work/Projects/CortexKit/anthropic-auth,anthropic-auth,primary,yes,yes,203,.ts TypeScript=140; .md Markdown=22; .json JSON=17,node:4,1,0,230300,230300,0,0,corpus drift=1,0/n/a/n/a,none,0/n/a/n/a,0,0/n/a/n/a,"ast_search:n=1,p50=104ms,p95=104ms; bash_drain_completions:n=85,p50=95ms,p95=230ms; callgraph:n=1,p50=76ms,p95=76ms; checkpoint_paths:n=1,p50=92ms,p95=92ms; conflicts:n=11,p50=459ms,p95=663ms; edit:n=116,p50=81ms,p95=354ms; grep:n=31,p50=114ms,p95=379ms; import:n=2,p50=95ms,p95=99ms; inspect:n=18,p50=1736ms,p95=6956ms; outline:n=42,p50=168ms,p95=942ms; read:n=30,p50=94ms,p95=3480ms; safety:n=2,p50=53ms,p95=65ms; search:n=85,p50=246ms,p95=846ms; status:n=2,p50=58ms,p95=81ms; write:n=2,p50=60ms,p95=67ms; zoom:n=20,p50=95ms,p95=368ms",none,47,47/2896/3516,1,0
/Users/ufukaltinok/Work/Projects/CortexKit/antigravity-auth,antigravity-auth,primary,yes,yes,338,.ts TypeScript=262; .json JSON=26; .md Markdown=16,node:4,0,0,n/a,n/a,0,0,none,0/n/a/n/a,none,0/n/a/n/a,0,0/n/a/n/a,"bash_drain_completions:n=6,p50=141ms,p95=211ms; bash_kill:n=6,p50=79ms,p95=97ms; callgraph:n=1,p50=722ms,p95=722ms; edit:n=15,p50=92ms,p95=216ms; grep:n=7,p50=112ms,p95=121ms; inspect:n=2,p50=947ms,p95=3943ms; outline:n=1,p50=159ms,p95=159ms; read:n=4,p50=187ms,p95=188ms; search:n=11,p50=890ms,p95=2357ms; status:n=2,p50=56ms,p95=84ms; zoom:n=5,p50=186ms,p95=299ms",none,4,4/1254/1254,0,0
/Users/ufukaltinok/Work/Projects/CortexKit/astrocyte,astrocyte,primary,yes,yes,81,.rs Rust=32; .json JSON=21; .md Markdown=18,cargo:2,0,0,n/a,n/a,0,0,none,0/n/a/n/a,none,1/7/7,0,0/n/a/n/a,"bash_drain_completions:n=10,p50=64ms,p95=299ms; search:n=13,p50=207ms,p95=607ms",none,0,0/n/a/n/a,0,0
/Users/ufukaltinok/Work/Projects/CortexKit/avatar,avatar,primary,yes,yes,342,.svg svg=97; .json JSON=69; .rs Rust=56,cargo:6,0,0,n/a,n/a,0,0,none,0/n/a/n/a,none,1/4/4,0,0/n/a/n/a,"bash_drain_completions:n=7,p50=58ms,p95=82ms; edit:n=1,p50=81ms,p95=81ms; inspect_tier2_run:n=1,p50=8686ms,p95=8686ms",none,0,0/n/a/n/a,0,0
/Users/ufukaltinok/Work/Projects/CortexKit/benchmarks,benchmarks,primary,yes,yes,2726,.txt txt=1539; .json JSON=463; .md Markdown=330,none,0,0,n/a,n/a,0,0,none,0/n/a/n/a,none,0/n/a/n/a,0,0/n/a/n/a,none,none,0,0/n/a/n/a,0,0
/Users/ufukaltinok/Work/Projects/CortexKit/broca,broca,primary,yes,yes,426,.rs Rust=242; .json JSON=54; .md Markdown=41,cargo:17,0,0,n/a,n/a,2,0,corpus drift=2,0/n/a/n/a,none,15/5/108,0,0/n/a/n/a,"bash_drain_completions:n=9,p50=76ms,p95=413ms; bash_status:n=4,p50=55ms,p95=71ms; callgraph:n=1,p50=96ms,p95=96ms; inspect:n=2,p50=1248ms,p95=14967ms; search:n=12,p50=272ms,p95=890ms",inspect=1,0,0/n/a/n/a,0,0
/Users/ufukaltinok/Work/Projects/CortexKit/brocatui,brocatui,primary,yes,yes,44,.rs Rust=18; .md Markdown=13; .sh Shell=6,none,0,0,n/a,n/a,0,0,none,0/n/a/n/a,none,0/n/a/n/a,0,0/n/a/n/a,none,none,0,0/n/a/n/a,0,0
/Users/ufukaltinok/Work/Projects/CortexKit/callosum,callosum,primary,yes,yes,191,.md Markdown=83; .rs Rust=43; .ts TypeScript=20,cargo:2; node:1,0,0,n/a,n/a,0,0,none,0/n/a/n/a,none,0/n/a/n/a,0,0/n/a/n/a,none,none,0,0/n/a/n/a,0,0
/Users/ufukaltinok/Work/Projects/CortexKit/cerebellum,cerebellum,primary,yes,yes,195,.rs Rust=154; .json JSON=15; .sh Shell=8,cargo:6,0,0,n/a,n/a,0,0,none,0/n/a/n/a,none,1/18/18,0,0/n/a/n/a,"bash_drain_completions:n=15,p50=56ms,p95=224ms; edit:n=5,p50=146ms,p95=160ms; search:n=64,p50=199ms,p95=339ms",none,0,0/n/a/n/a,0,0
/Users/ufukaltinok/Work/Projects/CortexKit/claustrum,claustrum,primary,yes,yes,113,.rs Rust=66; .md Markdown=14; .json JSON=6,cargo:2,0,0,n/a,n/a,0,0,none,0/n/a/n/a,none,20/4/38,0,0/n/a/n/a,"bash_drain_completions:n=25,p50=211ms,p95=389ms; bash_status:n=24,p50=132ms,p95=261ms; bash_wait_detach:n=1,p50=66ms,p95=66ms; edit:n=7,p50=60ms,p95=286ms; read:n=3,p50=621ms,p95=2262ms; search:n=29,p50=185ms,p95=289ms",none,0,0/n/a/n/a,0,0
/Users/ufukaltinok/Work/Projects/CortexKit/commons,commons,primary,yes,yes,39,.rs Rust=17; .toml TOML=10; .json JSON=4,cargo:9,0,0,n/a,n/a,0,0,none,0/n/a/n/a,none,0/n/a/n/a,0,0/n/a/n/a,none,none,0,0/n/a/n/a,0,0
/Users/ufukaltinok/Work/Projects/CortexKit/cortexkit-e2e,cortexkit-e2e,primary,yes,yes,610,.json JSON=376; .ts TypeScript=156; .md Markdown=25,cargo:1,0,0,n/a,n/a,0,0,none,0/n/a/n/a,none,1/166/166,0,0/n/a/n/a,"bash_drain_completions:n=10,p50=66ms,p95=755ms; bash_wait_detach:n=1,p50=157ms,p95=157ms; glob:n=2,p50=78ms,p95=167ms; grep:n=3,p50=86ms,p95=121ms; search:n=2,p50=322ms,p95=605ms",none,0,0/n/a/n/a,1,0
/Users/ufukaltinok/Work/Projects/CortexKit/engram,engram,primary,yes,yes,236,.md Markdown=122; .rs Rust=85; .json JSON=8,cargo:4,0,0,n/a,n/a,0,0,none,0/n/a/n/a,none,0/n/a/n/a,0,0/n/a/n/a,"bash_drain_completions:n=2,p50=54ms,p95=58ms; inspect_tier2_run:n=1,p50=9007ms,p95=9007ms",none,0,0/n/a/n/a,0,0
/Users/ufukaltinok/Work/Projects/CortexKit/engram/docs,docs,primary,yes,yes,58,.md Markdown=48; .json JSON=7; .html HTML=1,none,0,0,n/a,n/a,0,0,none,0/n/a/n/a,none,0/n/a/n/a,0,0/n/a/n/a,none,none,0,0/n/a/n/a,0,0
/Users/ufukaltinok/Work/Projects/CortexKit/entorhinal,entorhinal,primary,yes,yes,20,.json JSON=6; .rs Rust=5; .md Markdown=3,cargo:2,0,0,n/a,n/a,0,0,none,0/n/a/n/a,none,0/n/a/n/a,0,0/n/a/n/a,none,none,0,0/n/a/n/a,0,0
/Users/ufukaltinok/Work/Projects/CortexKit/fusiform,fusiform,primary,yes,yes,91,.rs Rust=59; .md Markdown=10; .toml TOML=7,cargo:6,0,0,n/a,n/a,0,0,none,0/n/a/n/a,none,0/n/a/n/a,0,0/n/a/n/a,"bash_drain_completions:n=2,p50=54ms,p95=58ms",none,0,0/n/a/n/a,0,0
/Users/ufukaltinok/Work/Projects/CortexKit/insula,insula,primary,yes,yes,129,.rs Rust=82; .py Python=18; .md Markdown=15,cargo:2,0,0,n/a,n/a,0,0,none,0/n/a/n/a,none,33/6/96,0,0/n/a/n/a,"bash_drain_completions:n=8,p50=170ms,p95=299ms; edit:n=9,p50=58ms,p95=160ms; read:n=4,p50=118ms,p95=2811ms; search:n=23,p50=267ms,p95=581ms; zoom:n=1,p50=97ms,p95=97ms",none,0,0/n/a/n/a,1,0
/Users/ufukaltinok/Work/Projects/CortexKit/magic-context,magic-context,primary,yes,yes,1831,.ts TypeScript=1267; .md Markdown=267; .json JSON=101,cargo:4; node:7,0,0,n/a,n/a,0,0,corpus drift=1,0/n/a/n/a,none,18/11/525,259,0/n/a/n/a,"bash_drain_completions:n=15,p50=69ms,p95=868ms; bash_wait_detach:n=1,p50=909ms,p95=909ms; callgraph:n=3,p50=156ms,p95=413ms; edit:n=4,p50=59ms,p95=117ms; grep:n=2,p50=59ms,p95=66ms; inspect_tier2_run:n=1,p50=10579ms,p95=10579ms; read:n=6,p50=689ms,p95=1806ms; search:n=20,p50=1005ms,p95=1606ms; write:n=1,p50=66ms,p95=66ms; zoom:n=1,p50=82ms,p95=82ms",inspect_tier2_run=1,0,0/n/a/n/a,0,0
/Users/ufukaltinok/Work/Projects/CortexKit/magic-context/packages/plugin,plugin,primary,yes,yes,905,.ts TypeScript=875; .md Markdown=12; .json JSON=10,none,0,0,n/a,n/a,0,0,none,0/n/a/n/a,none,0/n/a/n/a,0,0/n/a/n/a,none,none,0,0/n/a/n/a,0,0
/Users/ufukaltinok/Work/Projects/CortexKit/magic-context/packages/plugin/scripts/experiments/visual-memory/trials,trials,primary,yes,yes,0,n/a,none,0,0,n/a,n/a,0,0,none,0/n/a/n/a,none,0/n/a/n/a,0,0/n/a/n/a,none,none,0,0/n/a/n/a,0,0
/Users/ufukaltinok/Work/Projects/CortexKit/openai-auth,openai-auth,primary,yes,yes,134,.ts TypeScript=98; .json JSON=8; .md Markdown=8,node:2,0,0,n/a,n/a,0,0,corpus drift=1,0/n/a/n/a,none,8/5/23,0,0/n/a/n/a,"bash_drain_completions:n=3,p50=66ms,p95=66ms; bash_wait_detach:n=1,p50=157ms,p95=157ms; edit:n=3,p50=60ms,p95=63ms; import:n=1,p50=66ms,p95=66ms; write:n=1,p50=162ms,p95=162ms",none,0,0/n/a/n/a,0,0
/Users/ufukaltinok/Work/Projects/CortexKit/plexus,plexus,primary,yes,yes,137,.rs Rust=66; .jsonc jsonc=22; .md Markdown=16,cargo:4,0,0,n/a,n/a,0,0,none,0/n/a/n/a,none,1/11/11,0,0/n/a/n/a,"bash_drain_completions:n=13,p50=58ms,p95=474ms; search:n=1,p50=1508ms,p95=1508ms",none,0,0/n/a/n/a,0,0
/Users/ufukaltinok/Work/Projects/CortexKit/prefrontal,prefrontal,primary,yes,yes,1892,.ts TypeScript=708; .rs Rust=457; .md Markdown=261,cargo:8,0,0,n/a,n/a,0,0,none,0/n/a/n/a,none,1/110/110,0,0/n/a/n/a,"bash_drain_completions:n=34,p50=65ms,p95=371ms; glob:n=2,p50=50ms,p95=315ms; grep:n=5,p50=107ms,p95=142ms; inspect_tier2_run:n=2,p50=195ms,p95=6182ms; outline:n=1,p50=315ms,p95=315ms; read:n=2,p50=63ms,p95=224ms; search:n=11,p50=308ms,p95=1566ms",none,0,0/n/a/n/a,0,0
/Users/ufukaltinok/Work/Projects/CortexKit/subconscious,subconscious,primary,yes,yes,553,.rs Rust=125; .swift Swift=107; .json JSON=102,cargo:10,0,0,n/a,n/a,0,0,corpus drift=1,0/n/a/n/a,none,19/7/123,0,1/415/415,"bash_ack_completions:n=2,p50=132ms,p95=132ms; bash_drain_completions:n=24,p50=62ms,p95=208ms; edit:n=5,p50=53ms,p95=70ms; search:n=35,p50=208ms,p95=402ms",none,0,0/n/a/n/a,0,0
/Users/ufukaltinok/Work/Projects/CortexKit/subconscious/clients/subc-client-swift,subc-client-swift,primary,yes,yes,130,.swift Swift=107; .jsonl jsonl=12; .hex hex=4,none,0,0,n/a,n/a,0,0,none,0/n/a/n/a,none,0/n/a/n/a,0,0/n/a/n/a,none,none,0,0/n/a/n/a,0,0
/Users/ufukaltinok/Work/Projects/CortexKit/synapse,synapse,primary,yes,yes,793,.rs Rust=177; .json JSON=135; .md Markdown=113,cargo:22,0,0,n/a,n/a,0,0,none,0/n/a/n/a,none,10/2/52,0,0/n/a/n/a,"bash_drain_completions:n=26,p50=76ms,p95=154ms; bash_status:n=1,p50=270ms,p95=270ms; bash_wait_detach:n=1,p50=72ms,p95=72ms; edit:n=5,p50=53ms,p95=476ms; search:n=2,p50=131ms,p95=181ms",none,0,0/n/a/n/a,4,0
/Users/ufukaltinok/Work/Projects/CortexKit/thalamus,thalamus,primary,yes,yes,120,.rs Rust=48; .py Python=28; .md Markdown=19,cargo:2,0,0,n/a,n/a,0,0,none,0/n/a/n/a,none,0/n/a/n/a,0,0/n/a/n/a,none,none,0,0/n/a/n/a,0,0
/Users/ufukaltinok/Work/Projects/CortexKit/wernicke,wernicke,primary,yes,yes,56,.rs Rust=26; .md Markdown=14; .sh Shell=6,cargo:1,0,0,n/a,n/a,0,0,none,0/n/a/n/a,none,1/1/1,0,0/n/a/n/a,"bash_drain_completions:n=9,p50=66ms,p95=182ms; search:n=1,p50=838ms,p95=838ms",none,0,0/n/a/n/a,0,0
/Users/ufukaltinok/Work/Projects/Ssbd/tog-monorepo,tog-monorepo,primary,yes,yes,778,.ts TypeScript=325; .tsx TSX=92; .sol Solidity=89,node:7,0,0,n/a,n/a,0,0,none,0/n/a/n/a,none,0/n/a/n/a,0,0/n/a/n/a,none,none,0,0/n/a/n/a,0,0
/Users/ufukaltinok/Work/Projects/opencode,opencode,primary,yes,yes,6302,.ts TypeScript=2501; .svg svg=1261; .mdx mdx=627,node:36,0,0,n/a,n/a,0,0,none,0/n/a/n/a,none,0/n/a/n/a,0,0/n/a/n/a,none,none,0,0/n/a/n/a,0,0
/Users/ufukaltinok/Work/orw/.orw/repo/opencode-build,opencode-build,primary,yes,yes,6612,.ts TypeScript=2716; .svg svg=1261; .mdx mdx=627,node:36,0,0,n/a,n/a,0,0,none,0/n/a/n/a,none,0/n/a/n/a,0,0/n/a/n/a,none,none,0,0/n/a/n/a,0,0
/Users/ufukaltinok/Work/scratch/campaign-fixture-1,campaign-fixture-1,primary,yes,yes,2,.sh Shell=2,none,0,0,n/a,n/a,0,0,none,0/n/a/n/a,none,0/n/a/n/a,0,0/n/a/n/a,none,none,0,0/n/a/n/a,0,0
/var/folders/18/257zzylx4h1gbkcvs4cnpqqc0000gn/T/.tmp4uVXjY,.tmp4uVXjY,primary,yes,no,n/a,n/a,n/a,0,0,n/a,n/a,0,0,none,0/n/a/n/a,none,0/n/a/n/a,0,0/n/a/n/a,none,none,0,0/n/a/n/a,0,0
/var/folders/18/257zzylx4h1gbkcvs4cnpqqc0000gn/T/.tmp6D7C3J/project,project,primary,yes,no,n/a,n/a,n/a,0,0,n/a,n/a,0,0,none,0/n/a/n/a,none,0/n/a/n/a,0,0/n/a/n/a,none,none,0,0/n/a/n/a,0,0
/var/folders/18/257zzylx4h1gbkcvs4cnpqqc0000gn/T/.tmp8iYJ3Q,.tmp8iYJ3Q,primary,yes,no,n/a,n/a,n/a,0,0,n/a,n/a,0,0,none,0/n/a/n/a,none,0/n/a/n/a,0,0/n/a/n/a,none,none,0,0/n/a/n/a,0,0
/var/folders/18/257zzylx4h1gbkcvs4cnpqqc0000gn/T/.tmp8vq67j,.tmp8vq67j,primary,yes,no,n/a,n/a,n/a,0,0,n/a,n/a,0,0,none,0/n/a/n/a,none,0/n/a/n/a,0,0/n/a/n/a,none,none,0,0/n/a/n/a,0,0
/var/folders/18/257zzylx4h1gbkcvs4cnpqqc0000gn/T/.tmpEUL8c0,.tmpEUL8c0,primary,yes,no,n/a,n/a,n/a,0,0,n/a,n/a,0,0,none,0/n/a/n/a,none,0/n/a/n/a,0,0/n/a/n/a,none,none,0,0/n/a/n/a,0,0
/var/folders/18/257zzylx4h1gbkcvs4cnpqqc0000gn/T/.tmpKT0oqJ,.tmpKT0oqJ,primary,yes,no,n/a,n/a,n/a,0,0,n/a,n/a,0,0,none,0/n/a/n/a,none,0/n/a/n/a,0,0/n/a/n/a,none,none,0,0/n/a/n/a,0,0
/var/folders/18/257zzylx4h1gbkcvs4cnpqqc0000gn/T/.tmpMi3YZ7,.tmpMi3YZ7,primary,yes,no,n/a,n/a,n/a,0,0,n/a,n/a,0,0,none,0/n/a/n/a,none,0/n/a/n/a,0,0/n/a/n/a,none,none,0,0/n/a/n/a,0,0
/var/folders/18/257zzylx4h1gbkcvs4cnpqqc0000gn/T/.tmpNNGCmc,.tmpNNGCmc,primary,yes,no,n/a,n/a,n/a,0,0,n/a,n/a,0,0,none,0/n/a/n/a,none,0/n/a/n/a,0,0/n/a/n/a,none,none,0,0/n/a/n/a,0,0
/var/folders/18/257zzylx4h1gbkcvs4cnpqqc0000gn/T/.tmpOEH6IL,.tmpOEH6IL,primary,yes,no,n/a,n/a,n/a,0,0,n/a,n/a,0,0,none,0/n/a/n/a,none,0/n/a/n/a,0,0/n/a/n/a,none,none,0,0/n/a/n/a,0,0
/var/folders/18/257zzylx4h1gbkcvs4cnpqqc0000gn/T/.tmpQNJuuh/linked-worktree,linked-worktree,primary,yes,no,n/a,n/a,n/a,0,0,n/a,n/a,0,0,none,0/n/a/n/a,none,0/n/a/n/a,0,0/n/a/n/a,none,none,0,0/n/a/n/a,0,0
/var/folders/18/257zzylx4h1gbkcvs4cnpqqc0000gn/T/.tmpQNJuuh/parent,parent,primary,yes,no,n/a,n/a,n/a,0,0,n/a,n/a,0,0,none,0/n/a/n/a,none,0/n/a/n/a,0,0/n/a/n/a,none,none,0,0/n/a/n/a,0,0
/var/folders/18/257zzylx4h1gbkcvs4cnpqqc0000gn/T/.tmpW4v79D,.tmpW4v79D,primary,yes,no,n/a,n/a,n/a,0,0,n/a,n/a,0,0,none,0/n/a/n/a,none,0/n/a/n/a,0,0/n/a/n/a,none,none,0,0/n/a/n/a,0,0
/var/folders/18/257zzylx4h1gbkcvs4cnpqqc0000gn/T/.tmpWqkpBy/linked-worktree,linked-worktree,primary,yes,no,n/a,n/a,n/a,0,0,n/a,n/a,0,0,none,0/n/a/n/a,none,0/n/a/n/a,0,0/n/a/n/a,none,none,0,0/n/a/n/a,0,0
/var/folders/18/257zzylx4h1gbkcvs4cnpqqc0000gn/T/.tmpWqkpBy/parent,parent,primary,yes,no,n/a,n/a,n/a,0,0,n/a,n/a,0,0,none,0/n/a/n/a,none,0/n/a/n/a,0,0/n/a/n/a,none,none,0,0/n/a/n/a,0,0
/var/folders/18/257zzylx4h1gbkcvs4cnpqqc0000gn/T/.tmpcJ3EMr,.tmpcJ3EMr,primary,yes,no,n/a,n/a,n/a,0,0,n/a,n/a,0,0,none,0/n/a/n/a,none,0/n/a/n/a,0,0/n/a/n/a,none,none,0,0/n/a/n/a,0,0
/var/folders/18/257zzylx4h1gbkcvs4cnpqqc0000gn/T/.tmpdRA4Bu,.tmpdRA4Bu,primary,yes,no,n/a,n/a,n/a,0,0,n/a,n/a,0,0,none,0/n/a/n/a,none,0/n/a/n/a,0,0/n/a/n/a,none,none,0,0/n/a/n/a,0,0
/var/folders/18/257zzylx4h1gbkcvs4cnpqqc0000gn/T/.tmpeRBZzN,.tmpeRBZzN,primary,yes,no,n/a,n/a,n/a,0,0,n/a,n/a,0,0,none,0/n/a/n/a,none,0/n/a/n/a,0,0/n/a/n/a,none,none,0,0/n/a/n/a,0,0
/var/folders/18/257zzylx4h1gbkcvs4cnpqqc0000gn/T/.tmphJCfMO,.tmphJCfMO,primary,yes,no,n/a,n/a,n/a,0,0,n/a,n/a,0,0,none,0/n/a/n/a,none,0/n/a/n/a,0,0/n/a/n/a,none,none,0,0/n/a/n/a,0,0
/var/folders/18/257zzylx4h1gbkcvs4cnpqqc0000gn/T/.tmphjeGom,.tmphjeGom,primary,yes,no,n/a,n/a,n/a,0,0,n/a,n/a,0,0,none,0/n/a/n/a,none,0/n/a/n/a,0,0/n/a/n/a,none,none,0,0/n/a/n/a,0,0
/var/folders/18/257zzylx4h1gbkcvs4cnpqqc0000gn/T/.tmpipxVm9,.tmpipxVm9,primary,yes,no,n/a,n/a,n/a,0,0,n/a,n/a,0,0,none,0/n/a/n/a,none,0/n/a/n/a,0,0/n/a/n/a,none,none,0,0/n/a/n/a,0,0
/var/folders/18/257zzylx4h1gbkcvs4cnpqqc0000gn/T/.tmpiwAZTW,.tmpiwAZTW,primary,yes,no,n/a,n/a,n/a,0,0,n/a,n/a,0,0,none,0/n/a/n/a,none,0/n/a/n/a,0,0/n/a/n/a,none,none,0,0/n/a/n/a,0,0
/var/folders/18/257zzylx4h1gbkcvs4cnpqqc0000gn/T/.tmpjprZ4G,.tmpjprZ4G,primary,yes,no,n/a,n/a,n/a,0,0,n/a,n/a,0,0,none,0/n/a/n/a,none,0/n/a/n/a,0,0/n/a/n/a,none,none,0,0/n/a/n/a,0,0
/var/folders/18/257zzylx4h1gbkcvs4cnpqqc0000gn/T/.tmpm5JWvr,.tmpm5JWvr,primary,yes,no,n/a,n/a,n/a,0,0,n/a,n/a,0,0,none,0/n/a/n/a,none,0/n/a/n/a,0,0/n/a/n/a,none,none,0,0/n/a/n/a,0,0
/var/folders/18/257zzylx4h1gbkcvs4cnpqqc0000gn/T/.tmpn6iHBl,.tmpn6iHBl,primary,yes,no,n/a,n/a,n/a,0,0,n/a,n/a,0,0,none,0/n/a/n/a,none,0/n/a/n/a,0,0/n/a/n/a,none,none,0,0/n/a/n/a,0,0
/var/folders/18/257zzylx4h1gbkcvs4cnpqqc0000gn/T/.tmpnfefqV,.tmpnfefqV,primary,yes,no,n/a,n/a,n/a,0,0,n/a,n/a,0,0,none,0/n/a/n/a,none,0/n/a/n/a,0,0/n/a/n/a,none,none,0,0/n/a/n/a,0,0
/var/folders/18/257zzylx4h1gbkcvs4cnpqqc0000gn/T/.tmpww7ngK,.tmpww7ngK,primary,yes,no,n/a,n/a,n/a,0,0,n/a,n/a,0,0,none,0/n/a/n/a,none,0/n/a/n/a,0,0/n/a/n/a,none,none,0,0/n/a/n/a,0,0
/var/folders/18/257zzylx4h1gbkcvs4cnpqqc0000gn/T/.tmpzOvSor,.tmpzOvSor,primary,yes,no,n/a,n/a,n/a,0,0,n/a,n/a,0,0,none,0/n/a/n/a,none,0/n/a/n/a,0,0/n/a/n/a,none,none,0,0/n/a/n/a,0,0
